,zn,E_HFB,E_PNP,E_PNPAMP
0,"[82, 134]",1651.41064683,1652.07718263,1654.05130452
1,"[54, 66]",1003.73810537,1005.15118117,1008.12374071
2,"[88, 168]",1806.07084821,1807.04106389,1809.54390038
3,"[74, 84]",1236.61786808,1238.34624557,1240.79579434
4,"[58, 104]",1262.73100981,1264.30669298,1267.03197105
5,"[88, 122]",1610.83462277,1612.37515727,1614.95450528
6,"[74, 180]",1574.54265783,1576.38708887,1578.73704436
7,"[98, 184]",1957.22375394,1958.58443819,1960.56965252
8,"[90, 156]",1795.8087707,1797.36703723,1799.84746343
9,"[58, 78]",1132.67507057,1134.25124546,1136.76205899
10,"[66, 78]",1161.62324325,1163.18776942,1166.001763
11,"[38, 76]",868.03132533,869.21984801,871.98399343
12,"[20, 16]",281.87508466,282.59262885,284.48376682
13,"[90, 146]",1758.17310918,1759.41212308,1761.72771068
14,"[90, 176]",1847.7368844,1849.22598411,1851.60603896
15,"[96, 144]",1782.71917637,1783.95875,1786.45110295
16,"[80, 180]",1700.70204282,1702.11682445,1704.14447283
17,"[54, 102]",1196.49221637,1197.86590946,1200.56046326
18,"[94, 136]",1724.5181146,1725.67973364,1728.13256933
19,"[78, 176]",1660.5086755,1661.82534186,1664.30837292
20,"[72, 118]",1482.46046618,1483.90995721,1486.61527774
21,"[84, 150]",1716.31180971,1718.13375313,1720.51421202
22,"[98, 148]",1816.02620487,1816.66183562,1819.11551444
23,"[24, 30]",472.02106101,472.68495609,474.88722323
24,"[68, 134]",1468.9752685,1470.89587989,1473.11500736
25,"[96, 132]",1698.05896094,1699.80792242,1702.54576727
26,"[104, 192]",2026.37961717,2028.3914733,2033.10632209
27,"[78, 142]",1624.6708024,1626.29967839,1628.63960239
28,"[96, 154]",1835.76373648,1837.11420802,1839.65120428
29,"[26, 32]",507.29453069,507.83366617,510.69194879
30,"[78, 102]",1414.92176133,1416.47896575,1419.32824146
31,"[84, 152]",1721.56189439,1723.15826304,1725.62096428
32,"[18, 22]",342.85797332,343.76445914,346.13698823
33,"[88, 152]",1763.7107861,1765.15180204,1767.6275938
34,"[66, 104]",1360.22941318,1361.2332519,1363.97554662
35,"[72, 142]",1541.290957,1542.86268735,1545.296278
36,"[72, 106]",1419.78050482,1421.17316475,1424.26909994
37,"[34, 60]",762.08016861,762.78940428,765.7109749
38,"[56, 104]",1232.76755823,1234.15212896,1236.97469929
39,"[104, 152]",1861.80157029,1862.41007633,1865.02282444
40,"[32, 76]",731.08605571,732.74400568,735.66901717
41,"[36, 62]",799.47494808,800.45833811,803.23768601
42,"[44, 56]",858.52842871,860.35403976,862.66336027
43,"[74, 154]",1585.44942517,1586.90062339,1589.52535359
44,"[82, 104]",1440.87434059,1441.51128556,1444.45173774
45,"[32, 38]",605.97447008,607.71041632,610.47883346
46,"[100, 150]",1835.9828786,1837.04935781,1839.57393515
47,"[32, 72]",732.6261144,734.13399147,737.13444863
48,"[86, 196]",1790.57135045,1791.87773096,1793.88059618
49,"[26, 42]",568.7271346,569.54919538,572.22120802
50,"[36, 60]",793.40929461,794.41849005,796.9637219
51,"[18, 28]",384.20107634,384.52682221,387.33298265
52,"[28, 50]",639.67219304,639.67219294,642.19053785
53,"[80, 92]",1319.91514957,1321.17012346,1323.50297496
54,"[106, 164]",1939.84675254,1940.81200552,1943.54957083
55,"[86, 140]",1701.81677465,1702.84041949,1705.36647918
56,"[84, 170]",1756.75241287,1757.49056861,1759.95605926
57,"[74, 176]",1578.15280914,1579.93679607,1582.38886499
58,"[56, 100]",1223.32371678,1224.79113025,1227.51680569
59,"[64, 130]",1402.85723394,1404.70831111,1407.09587143
60,"[50, 98]",1121.96734434,1122.69935787,1125.24037253
61,"[24, 48]",550.03018515,551.22175201,553.23429265
62,"[60, 128]",1332.02684695,1333.5609062,1335.63780667
63,"[40, 76]",907.87110227,908.27496573,910.85459605
64,"[100, 148]",1823.09614759,1824.27360629,1826.8260314
65,"[36, 72]",819.99644814,821.44546308,824.25357021
66,"[102, 172]",1950.79901372,1952.47852972,1954.77321679
67,"[86, 184]",1806.39711744,1807.33146829,1808.70193951
68,"[82, 128]",1632.41837799,1632.72813261,1634.28449599
69,"[88, 150]",1757.15545646,1758.69306363,1761.14183477
70,"[34, 52]",733.14840056,734.51621658,736.67645573
71,"[108, 174]",1996.14819726,1997.48548722,2000.16873475
72,"[22, 52]",503.70028986,504.78791621,506.83197747
73,"[110, 172]",1995.86288565,1997.39558349,2000.23826761
74,"[108, 176]",2005.6571453,2007.37464005,2009.88859924
75,"[20, 20]",344.11062895,344.11063028,346.36663143
76,"[66, 126]",1435.27383862,1436.64100708,1438.61536993
77,"[48, 102]",1084.32914954,1085.77145298,1088.29488095
78,"[106, 178]",2003.06409132,2004.41097792,2006.76898632
79,"[52, 58]",916.99288472,917.70334728,920.10132981
80,"[74, 116]",1491.81989368,1493.03879842,1496.21797432
81,"[90, 198]",1854.79216715,1856.12692051,1858.12509536
82,"[98, 160]",1875.62183536,1877.16028778,1879.74630539
83,"[36, 76]",824.61722369,826.19425765,829.04916569
84,"[88, 132]",1678.67688852,1678.67689146,1681.12884521
85,"[110, 192]",2074.14552061,2075.77787503,2078.16674032
86,"[86, 116]",1554.67516357,1555.98445032,1558.17459535
87,"[50, 70]",1016.86028093,1017.43477661,1019.87054964
88,"[100, 188]",1980.30209008,1982.26496828,1984.30055186
89,"[92, 190]",1887.24068662,1889.09624255,1891.22085899
90,"[94, 150]",1804.50318719,1805.93390891,1808.24750772
91,"[110, 194]",2079.72577623,2081.38237973,2083.7988188
92,"[32, 46]",672.78695561,674.26752175,676.87010569
93,"[108, 192]",2059.30804555,2060.77014203,2063.0866204
94,"[20, 28]",416.04476219,416.0447618,418.52134572
95,"[60, 86]",1203.3478039,1205.05611865,1207.46492909
96,"[64, 138]",1400.46823297,1402.28680724,1404.65475209
97,"[82, 114]",1529.90653307,1530.23746319,1533.25830905
98,"[44, 52]",825.4066725,826.78314477,828.81581879
99,"[34, 40]",639.40176072,640.48207,643.10469761
100,"[46, 106]",1037.98712,1039.00922331,1041.76126659
101,"[108, 198]",2074.60762831,2076.03866727,2077.98115779
102,"[82, 132]",1645.36378952,1645.87262614,1647.84424962
103,"[88, 118]",1575.1938975,1576.9509544,1579.37315331
104,"[62, 134]",1364.28790164,1366.35379618,1368.57738981
105,"[98, 130]",1683.43911158,1685.24671749,1690.06311427
106,"[96, 166]",1881.98659899,1883.65384936,1886.40759747
107,"[32, 60]",725.45807993,727.03270484,729.91388688
108,"[26, 46]",585.9081497,586.68550082,589.12399775
109,"[82, 106]",1459.37000277,1459.96503258,1462.91452859
110,"[86, 130]",1657.96269232,1659.10491301,1661.41033007
111,"[52, 126]",1168.80460103,1169.58047558,1171.5538526
112,"[44, 42]",698.42897013,699.80568024,701.84873907
113,"[74, 186]",1566.75874547,1568.60687329,1570.27101302
114,"[20, 30]",426.77880589,426.86852225,429.09570738
115,"[108, 162]",1937.43385291,1937.43385661,1940.40990676
116,"[44, 40]",668.0199067,669.68554266,671.16958651
117,"[56, 62]",967.30540104,968.63028028,971.62446098
118,"[74, 130]",1549.55760376,1551.44887943,1553.60458129
119,"[54, 118]",1208.90105378,1210.26127045,1212.78050868
120,"[70, 110]",1428.72914624,1429.23551014,1432.51149068
121,"[24, 26]",433.69488686,434.29779563,436.85275227
122,"[60, 134]",1325.53601321,1327.4427309,1329.60187716
123,"[54, 120]",1209.62098667,1211.05665615,1213.47179525
124,"[48, 50]",823.68659473,824.23068516,826.45761295
125,"[34, 80]",779.49825612,781.15042288,783.29436542
126,"[44, 50]",807.7032346,808.49548547,810.52625351
127,"[56, 76]",1104.26289179,1105.37882774,1107.32279152
128,"[104, 188]",2017.02290267,2019.05539552,2021.38256265
129,"[48, 60]",920.57717877,921.35491701,923.87633736
130,"[20, 26]",399.8807425,399.93104009,402.13028316
131,"[66, 96]",1313.09452769,1313.91680251,1316.76163897
132,"[98, 194]",1965.80760615,1967.46386471,1972.65093024
133,"[30, 66]",687.53051806,688.39679421,691.3624768
134,"[82, 154]",1702.01192353,1703.64730994,1706.15307706
135,"[60, 96]",1260.93893601,1261.69096211,1264.60554785
136,"[72, 140]",1538.55618117,1540.11729195,1542.48392276
137,"[56, 86]",1172.6231979,1173.03446861,1176.4114311
138,"[88, 170]",1810.29818659,1811.15036062,1813.5191361
139,"[90, 120]",1594.7965897,1596.60952048,1599.21324318
140,"[82, 126]",1625.56424404,1625.56424404,1627.50874467
141,"[46, 98]",1042.02302918,1043.32309459,1046.0100897
142,"[52, 56]",895.51814694,896.49073223,898.72806919
143,"[30, 60]",686.95492477,688.00899764,690.72130713
144,"[98, 140]",1761.8130486,1762.52993102,1764.99061935
145,"[36, 42]",671.40836725,673.03701073,675.72323667
146,"[110, 178]",2026.53057647,2027.81217115,2030.26015262
147,"[102, 164]",1918.49190025,1919.90557768,1922.63331614
148,"[34, 38]",618.80153123,619.88590218,622.37125409
149,"[78, 184]",1660.68589337,1661.7821156,1663.78824952
150,"[18, 42]",403.47381855,404.88757348,407.04279397
151,"[80, 100]",1399.80170697,1401.5847184,1404.34541347
152,"[70, 152]",1514.79859199,1516.19079178,1518.83380435
153,"[16, 22]",318.91990047,319.6091043,322.37546527
154,"[92, 138]",1730.6602135,1731.3262642,1733.87086763
155,"[80, 132]",1624.34956291,1625.58675108,1627.63053875
156,"[80, 130]",1618.82219272,1619.94582137,1621.85585625
157,"[36, 80]",828.6419711,830.22606455,832.65295458
158,"[48, 84]",1071.63406127,1072.45954525,1074.25822533
159,"[102, 150]",1842.78681238,1843.75425677,1846.28282268
160,"[40, 46]",740.32372058,740.79238766,742.99518101
161,"[68, 148]",1477.41708315,1478.91293707,1481.36090012
162,"[94, 178]",1899.14856889,1901.04190393,1902.98267481
163,"[32, 66]",731.58496544,733.23128247,736.08950732
164,"[48, 48]",794.2599335,795.13798394,796.94724205
165,"[34, 78]",780.09234537,781.44751396,783.62442495
166,"[30, 40]",607.19051496,609.28745496,611.11287017
167,"[42, 68]",912.11527643,913.10827355,915.71346864
168,"[76, 86]",1257.7248585,1259.33461561,1261.6587912
169,"[80, 110]",1488.99967128,1489.63382914,1492.66332583
170,"[50, 124]",1123.22702139,1123.79316019,1125.74706021
171,"[90, 190]",1859.34827835,1861.03706578,1863.16566166
172,"[72, 186]",1519.75471113,1521.68742172,1523.46410664
173,"[62, 132]",1365.953972,1367.98090783,1370.15729091
174,"[108, 164]",1947.97136291,1948.39120622,1951.30371283
175,"[68, 104]",1378.66501824,1379.87347461,1382.76426411
176,"[70, 180]",1482.30183515,1484.3458639,1486.87832849
177,"[30, 26]",453.93618279,454.46560158,457.1065485
178,"[66, 110]",1385.34287799,1386.71536377,1389.81213907
179,"[84, 122]",1601.60864036,1602.8242085,1604.90081935
180,"[74, 172]",1581.09644229,1582.79277977,1585.53973262
181,"[86, 124]",1623.69023286,1625.22581648,1627.18616222
182,"[60, 78]",1142.71509164,1144.23900376,1146.94976732
183,"[64, 82]",1200.49747489,1202.0883354,1204.28504051
184,"[84, 110]",1498.03782934,1498.70818448,1501.64456387
185,"[28, 52]",642.51051198,642.67988655,645.31565697
186,"[10, 16]",199.91119992,200.0997145,203.12271872
187,"[58, 64]",993.7911858,995.16383674,998.26129195
188,"[42, 84]",962.31570981,963.3871391,965.08637052
189,"[72, 160]",1551.31220319,1552.01636109,1554.77771374
190,"[76, 102]",1409.4195045,1410.85184149,1413.72995817
191,"[24, 38]",518.6993046,519.9335269,522.20688691
192,"[36, 38]",627.12574544,628.97593651,631.80237736
193,"[86, 176]",1795.09530927,1796.498403,1798.41207887
194,"[82, 122]",1595.39743219,1595.94552352,1598.01438377
195,"[50, 110]",1126.04391785,1126.85565737,1129.33946477
196,"[90, 130]",1671.68097566,1673.18219054,1675.39534714
197,"[96, 172]",1901.24169101,1903.17524627,1905.70044081
198,"[26, 26]",445.58518683,445.6267447,448.45405669
199,"[70, 92]",1303.17502761,1304.72521065,1307.43570285
200,"[54, 68]",1023.02981266,1024.59104037,1027.39923065
201,"[90, 134]",1695.83326546,1697.11193941,1699.44417552
202,"[32, 44]",657.5172503,658.85752267,661.64884944
203,"[76, 168]",1622.85229964,1623.54216452,1626.37029405
204,"[18, 32]",398.57657541,399.36239849,402.11138274
205,"[52, 94]",1148.95252479,1149.56042427,1152.46620171
206,"[28, 42]",600.00747091,600.45762647,603.14736057
207,"[68, 80]",1187.59813191,1189.13623521,1191.62107404
208,"[38, 42]",683.54706159,685.02360668,687.4250143
209,"[50, 50]",829.15545301,829.15545299,831.32907356
210,"[96, 170]",1894.85601452,1896.54163598,1899.36313509
211,"[42, 50]",797.03195409,797.83805193,800.22356136
212,"[86, 150]",1737.61471898,1739.30040202,1741.69948533
213,"[28, 24]",420.73729295,420.70508722,424.02513269
214,"[108, 170]",1977.34080861,1978.52959817,1981.45538178
215,"[100, 190]",1984.98439094,1986.64534186,1991.47002818
216,"[30, 72]",684.17706164,685.06096562,688.16326317
217,"[16, 14]",240.90787203,240.98672399,245.24214854
218,"[106, 172]",1976.06802005,1977.44831912,1980.32357413
219,"[70, 130]",1495.92968555,1497.96601368,1500.121662
220,"[58, 96]",1237.09124184,1238.1267839,1241.03641194
221,"[78, 108]",1463.96284603,1465.44998666,1468.38513352
222,"[18, 40]",405.22898695,407.44658834,408.35069268
223,"[56, 68]",1031.92770199,1033.26122007,1036.26836494
224,"[36, 58]",785.02777522,786.72859591,789.39030448
225,"[62, 130]",1367.46155478,1369.29483879,1371.57170482
226,"[108, 180]",2023.26872456,2024.99218632,2027.42687314
227,"[60, 76]",1123.42287329,1124.99469616,1128.01051209
228,"[20, 46]",456.60253957,456.83080517,458.30392136
229,"[12, 20]",247.90651214,248.29141295,250.48446497
230,"[84, 140]",1685.18769147,1685.83046172,1688.19380634
231,"[82, 138]",1662.55759097,1663.28229006,1665.6197882
232,"[22, 40]",492.92484386,494.80099449,495.73674909
233,"[98, 190]",1960.6919376,1962.61546609,1964.94259494
234,"[62, 66]",1020.03214637,1021.4817181,1024.60202459
235,"[74, 106]",1431.16916912,1432.75508263,1435.79712292
236,"[90, 154]",1788.96683634,1790.44927695,1792.98927232
237,"[98, 152]",1838.2592196,1839.11256715,1841.44100553
238,"[74, 168]",1584.592558,1585.99636978,1588.70793825
239,"[86, 138]",1693.68056903,1694.65113289,1697.13390504
240,"[58, 100]",1251.68237796,1253.06570476,1255.74040816
241,"[20, 18]",314.36361238,314.74862776,316.73878397
242,"[88, 108]",1479.90169601,1481.42602297,1484.20313773
243,"[38, 60]",821.38869831,822.28997479,825.24110208
244,"[72, 100]",1378.01491807,1379.24380792,1381.96461437
245,"[94, 188]",1913.71489532,1915.35686328,1917.36889479
246,"[54, 106]",1202.14855482,1203.45338465,1206.13585503
247,"[44, 54]",842.50370736,843.89879904,846.17665822
248,"[90, 186]",1862.35642258,1863.82989782,1865.29823497
249,"[82, 156]",1705.97794194,1707.66495296,1710.17313689
250,"[48, 70]",996.08210245,996.68527015,999.36973098
251,"[74, 144]",1574.60403252,1576.25548388,1578.67711323
252,"[58, 114]",1281.21179081,1282.96660552,1285.8303734
253,"[86, 132]",1667.96814879,1668.97048566,1671.88216022
254,"[60, 114]",1313.98689482,1315.59499807,1318.75851768
255,"[86, 168]",1780.4726372,1781.66802816,1783.94711193
256,"[36, 56]",776.58530285,778.2364132,780.79627827
257,"[48, 82]",1068.63532689,1069.24678358,1071.17221086
258,"[28, 54]",644.89090006,645.22477697,647.75462846
259,"[82, 142]",1672.70402358,1673.29753303,1676.12316886
260,"[102, 168]",1934.17762716,1935.81501651,1938.74057976
261,"[56, 118]",1248.23552543,1249.6847775,1252.21510618
262,"[70, 172]",1495.43928761,1496.91609227,1499.54852772
263,"[76, 96]",1356.6007881,1357.91694185,1360.31007674
264,"[92, 188]",1888.25429478,1890.03259264,1891.79015796
265,"[76, 132]",1578.26783002,1580.12448547,1582.27813626
266,"[94, 142]",1762.32972617,1762.91881627,1765.42084565
267,"[72, 98]",1361.96447267,1363.02412795,1365.84410431
268,"[98, 196]",1967.18468714,1968.85031648,1973.34922797
269,"[102, 138]",1749.97254456,1751.12397997,1754.19234642
270,"[86, 112]",1518.2156633,1519.25119982,1521.80410128
271,"[50, 104]",1126.21135157,1126.99271258,1129.58610258
272,"[48, 96]",1081.97232183,1083.14925455,1085.67299759
273,"[48, 64]",952.85770229,953.54273572,956.08445863
274,"[84, 106]",1460.8141808,1462.19177553,1464.95294167
275,"[80, 116]",1536.62939802,1537.25626887,1540.2273092
276,"[92, 156]",1813.53651506,1815.0293253,1817.6173316
277,"[94, 122]",1613.95451498,1615.79752614,1618.56475414
278,"[84, 136]",1671.49661286,1672.11164525,1674.2900535
279,"[84, 148]",1710.50225562,1712.18949681,1714.62190417
280,"[88, 196]",1824.14133677,1825.38763076,1827.32217094
281,"[84, 168]",1753.26955989,1754.20771444,1756.67895579
282,"[46, 96]",1042.14639964,1043.00463061,1045.78828809
283,"[64, 136]",1400.27759879,1402.21672841,1404.52918118
284,"[90, 114]",1538.45257788,1540.00475228,1542.53946274
285,"[56, 72]",1069.7127562,1070.57717126,1073.36929496
286,"[64, 96]",1297.36798393,1298.82297677,1301.81470412
287,"[78, 178]",1660.52581856,1662.11838749,1664.37226373
288,"[50, 116]",1124.45225077,1124.89306945,1127.90455898
289,"[68, 124]",1456.78383398,1458.46274141,1460.5495415
290,"[74, 146]",1577.64448022,1579.39455051,1581.79952967
291,"[104, 190]",2021.95082525,2023.82956376,2029.95394256
292,"[100, 154]",1858.64731157,1859.81227483,1862.41110699
293,"[96, 176]",1913.92099455,1915.65023339,1918.04500937
294,"[92, 122]",1614.25813117,1616.04193017,1618.8353825
295,"[74, 150]",1582.31703589,1583.95192747,1586.42562464
296,"[90, 182]",1860.15210333,1861.53757832,1863.26667256
297,"[42, 36]",603.1026032,604.44888343,607.03948892
298,"[54, 80]",1121.63347529,1123.14146735,1125.44525124
299,"[96, 174]",1907.54307831,1909.3062244,1911.76748949
300,"[78, 146]",1634.03851302,1635.81970975,1638.16071086
301,"[46, 54]",855.31013431,856.3783792,858.18942638
302,"[60, 140]",1319.29587941,1320.9090663,1323.32441415
303,"[48, 92]",1079.92247342,1081.0114616,1083.30025579
304,"[50, 56]",893.3080928,894.04040037,896.82316405
305,"[72, 138]",1535.70342272,1537.24903006,1539.49077501
306,"[58, 98]",1244.70028349,1245.76404735,1248.56618041
307,"[38, 74]",864.24440588,865.19414006,868.0321172
308,"[78, 182]",1660.33704036,1662.01013917,1663.80619069
309,"[82, 158]",1709.5615157,1711.55343121,1714.02021499
310,"[28, 30]",504.34291898,504.50946469,508.25088688
311,"[52, 78]",1090.53198524,1091.76651475,1093.95756957
312,"[72, 114]",1464.45483816,1465.50172368,1468.81579787
313,"[86, 110]",1499.30472705,1500.55511459,1503.40570774
314,"[76, 128]",1569.80074394,1571.34856643,1573.14295849
315,"[100, 198]",1993.01685374,1994.77160095,1996.95010581
316,"[88, 116]",1556.97028428,1558.57364624,1561.06333859
317,"[100, 172]",1935.78843273,1937.71387082,1939.98078842
318,"[82, 118]",1563.30923768,1563.73800018,1566.41038099
319,"[64, 120]",1387.1493125,1389.03169905,1391.76322962
320,"[36, 66]",809.74201093,811.3010062,814.04726466
321,"[70, 126]",1491.99881727,1493.46901251,1495.36901482
322,"[48, 56]",884.67913293,885.5918911,887.84517129
323,"[96, 186]",1937.01717143,1938.6511962,1940.25242617
324,"[56, 114]",1245.98219019,1247.47060461,1249.89134289
325,"[28, 62]",644.86582644,645.86554597,648.20528499
326,"[92, 134]",1702.7559434,1704.1518066,1706.51297297
327,"[92, 130]",1676.0961177,1677.73593309,1680.08794907
328,"[64, 126]",1404.1040723,1405.53606718,1407.50778462
329,"[84, 138]",1678.46420488,1679.07887283,1681.3209397
330,"[70, 114]",1446.21055539,1446.67612695,1450.01548349
331,"[66, 108]",1377.36708681,1378.6786895,1381.69412971
332,"[84, 130]",1648.70738517,1649.66719847,1651.13074412
333,"[16, 26]",341.33604053,341.77625176,344.93610336
334,"[36, 74]",822.48258277,823.9339544,826.71947372
335,"[34, 34]",573.44084167,573.44089205,576.69586886
336,"[26, 24]",417.24691632,417.80579232,420.25078355
337,"[98, 182]",1951.29483767,1953.05456512,1955.15299436
338,"[60, 142]",1317.50203631,1319.10349271,1321.51596457
339,"[18, 34]",402.28703997,403.35160973,405.67628029
340,"[84, 160]",1739.23465962,1741.05822671,1743.53537454
341,"[94, 166]",1864.4003724,1866.09946525,1868.87856432
342,"[74, 82]",1217.31284323,1218.67232343,1220.75970665
343,"[70, 174]",1492.14955023,1493.79350884,1496.29536188
344,"[86, 156]",1754.40110847,1756.04946565,1758.51363863
345,"[56, 128]",1251.81394182,1253.38205802,1255.52592731
346,"[94, 160]",1845.15040764,1846.76199043,1849.2760903
347,"[108, 152]",1866.94335722,1867.64387732,1870.36895266
348,"[74, 86]",1257.08501314,1258.71701105,1260.9516195
349,"[72, 92]",1310.2525025,1311.68374132,1314.35906284
350,"[96, 134]",1713.52763361,1715.0017399,1717.65348048
351,"[50, 84]",1104.08725586,1104.2904061,1105.95992695
352,"[76, 162]",1622.48327569,1623.79231534,1626.71963818
353,"[38, 36]",605.54437476,606.64787603,609.79612672
354,"[70, 178]",1485.49245515,1487.54169351,1489.99522599
355,"[84, 156]",1731.10646444,1732.77680741,1735.2363525
356,"[50, 58]",913.0095522,913.67181922,916.81184127
357,"[44, 60]",887.16634707,888.71494503,891.46720246
358,"[82, 116]",1546.76203067,1547.13321495,1550.0243282
359,"[62, 128]",1368.96543637,1370.44220746,1372.42237323
360,"[76, 122]",1543.43842582,1544.7620025,1547.41385313
361,"[32, 70]",732.6219995,734.11711967,737.11557586
362,"[46, 48]",789.38413572,790.57928002,792.09912176
363,"[32, 30]",514.51009519,515.3038289,518.42979405
364,"[62, 68]",1044.54121717,1046.20907614,1049.22999447
365,"[22, 22]",373.32655362,374.14420783,376.24483543
366,"[78, 132]",1601.89994015,1603.5848575,1605.72791116
367,"[104, 196]",2032.80500523,2034.5228929,2038.11287114
368,"[24, 36]",508.97623291,510.31048094,512.61234494
369,"[72, 170]",1541.98284827,1543.58170054,1546.18298444
370,"[36, 54]",767.47197735,769.20498909,771.71160535
371,"[20, 32]",435.96001325,436.81602721,437.95797061
372,"[98, 144]",1790.38197269,1791.07332401,1793.55125843
373,"[38, 70]",855.25010945,856.13457327,859.18162706
374,"[78, 174]",1660.14194299,1661.43647542,1663.959895
375,"[42, 76]",942.4826821,943.73008681,946.29054485
376,"[78, 162]",1655.16696217,1656.82708694,1659.54371762
377,"[82, 162]",1716.07646213,1717.12386619,1719.71751195
378,"[30, 58]",685.86637134,686.88792426,689.24144817
379,"[106, 190]",2037.93041559,2039.55939716,2041.82548318
380,"[76, 90]",1298.84059751,1300.41972999,1302.92713449
381,"[80, 126]",1607.00648124,1607.74906475,1609.33347968
382,"[80, 150]",1668.21054218,1670.119088,1672.60394795
383,"[76, 138]",1590.77688549,1592.33363105,1594.64218951
384,"[60, 136]",1323.26472982,1325.15931481,1327.43520512
385,"[62, 120]",1355.66485912,1357.612511,1360.37708364
386,"[94, 190]",1913.35909156,1915.12442576,1917.4906104
387,"[70, 138]",1504.76397565,1506.38291948,1508.71429304
388,"[86, 128]",1648.53117182,1649.92492841,1652.16866512
389,"[40, 40]",667.91299994,667.91299999,676.45520949
390,"[80, 166]",1690.9014229,1691.75568562,1694.60341344
391,"[86, 192]",1796.26417364,1797.85692515,1799.84140172
392,"[50, 80]",1087.1865253,1087.48433272,1089.50899789
393,"[58, 82]",1167.64142157,1169.04872377,1171.54143613
394,"[98, 150]",1827.72170491,1828.25742528,1830.68136991
395,"[94, 182]",1909.327588,1910.79215784,1912.99908231
396,"[84, 142]",1691.69008116,1692.63030982,1695.13929989
397,"[68, 146]",1477.11525746,1478.85394939,1481.21338859
398,"[92, 150]",1790.26717428,1791.90237553,1794.21342769
399,"[80, 106]",1454.82228473,1455.94442242,1458.79293004
400,"[60, 94]",1251.26838708,1251.84963275,1254.74292783
401,"[56, 60]",944.01454503,945.18168488,948.0386568
402,"[54, 98]",1187.68023102,1189.13594213,1191.93211234
403,"[32, 36]",586.22770694,587.59164892,590.73733934
404,"[74, 98]",1369.21228112,1370.75296007,1373.48617207
405,"[68, 158]",1473.23514905,1474.63068861,1477.1343579
406,"[74, 114]",1481.34649831,1482.45114479,1485.68081637
407,"[58, 88]",1199.39511739,1201.08436192,1203.45441197
408,"[68, 118]",1437.42260828,1438.47916371,1441.03146931
409,"[100, 130]",1682.641401,1684.30593269,1689.27122473
410,"[80, 154]",1675.60410243,1677.22733813,1679.83089785
411,"[92, 166]",1845.22830915,1846.85796713,1849.47301563
412,"[40, 72]",896.22819558,896.94114936,899.18687282
413,"[22, 44]",500.23194499,501.57698587,503.76855041
414,"[74, 132]",1553.22223699,1555.09551688,1557.27497012
415,"[62, 78]",1150.16763863,1151.84674601,1154.62643366
416,"[78, 116]",1523.22671412,1524.49725038,1527.25957113
417,"[62, 118]",1351.36979308,1353.15929912,1356.10733361
418,"[76, 88]",1278.62539308,1280.37652117,1282.66822733
419,"[48, 94]",1081.09111177,1081.89049592,1084.16033117
420,"[68, 102]",1366.94223932,1367.95298617,1370.9234402
421,"[110, 186]",2057.65862188,2059.68871941,2061.65906536
422,"[70, 148]",1513.68540988,1515.33076277,1517.88403247
423,"[102, 160]",1900.24057636,1901.48339993,1904.09070955
424,"[72, 96]",1345.10630365,1346.29575467,1349.1783994
425,"[22, 28]",436.33897587,436.75535489,439.57166231
426,"[94, 134]",1710.21587497,1711.51006895,1714.13833843
427,"[86, 180]",1801.13969431,1802.60571354,1804.46391695
428,"[76, 104]",1425.28719729,1426.96040919,1429.78994484
429,"[68, 128]",1465.61854699,1467.35868884,1469.25461517
430,"[62, 116]",1347.87326421,1349.59548309,1352.86406239
431,"[54, 84]",1144.6374642,1145.7764252,1147.87138064
432,"[22, 18]",315.1923552,316.32806576,318.23164453
433,"[94, 130]",1679.10072579,1680.85493653,1683.35865561
434,"[68, 112]",1417.02624073,1417.45222576,1420.67794877
435,"[82, 100]",1402.57064368,1403.27312339,1406.18266813
436,"[44, 72]",957.03484576,958.25969931,960.82110355
437,"[106, 192]",2042.73473464,2044.10293833,2046.45005722
438,"[30, 50]",669.93297558,670.75863039,673.58494192
439,"[58, 106]",1266.84656387,1268.43515291,1271.13477791
440,"[68, 100]",1354.2446859,1355.58407225,1358.44554611
441,"[64, 142]",1400.63451764,1402.32058833,1404.75308479
442,"[40, 64]",865.98164848,867.18577826,870.14444038
443,"[24, 42]",535.12256112,536.01249623,538.66999945
444,"[46, 46]",761.29497576,762.31465027,763.65757651
445,"[78, 124]",1574.95639318,1575.81383225,1578.1347814
446,"[82, 102]",1421.96087779,1422.5932926,1425.56724027
447,"[96, 192]",1938.3153555,1940.29140087,1942.54338909
448,"[42, 80]",956.11073809,957.22573883,959.12006303
449,"[102, 152]",1855.5743185,1856.60372552,1859.77062599
450,"[48, 54]",864.99890427,865.98431055,868.10262702
451,"[16, 36]",356.12957948,357.80856445,360.80541842
452,"[46, 44]",730.84978646,731.95041648,733.4825825
453,"[98, 180]",1945.20538654,1946.95412991,1949.14533928
454,"[60, 108]",1300.82764926,1301.68468254,1304.63401392
455,"[54, 126]",1213.14609751,1214.17248679,1216.15176434
456,"[32, 42]",641.01549028,642.39105194,645.4437714
457,"[94, 196]",1913.5531123,1915.32197452,1917.40261261
458,"[64, 150]",1395.60918416,1397.21899743,1399.75123321
459,"[20, 22]",363.98106837,363.97887108,365.55169402
460,"[24, 32]",485.97902972,486.98408572,489.21324286
461,"[28, 32]",524.12713449,525.21794514,528.17075305
462,"[76, 84]",1236.71692944,1238.32981104,1240.75078172
463,"[88, 158]",1781.74108056,1783.53470147,1785.9966678
464,"[90, 116]",1557.85245762,1559.55912589,1561.98118826
465,"[88, 112]",1519.14533895,1520.50010555,1522.91401226
466,"[38, 66]",844.80598965,845.54245794,848.32867561
467,"[54, 100]",1192.40019778,1194.10436449,1196.76361162
468,"[30, 64]",687.65712529,688.70092445,691.58823516
469,"[36, 84]",826.93320515,828.27815556,830.72224463
470,"[100, 160]",1888.64683006,1890.08724546,1892.68250408
471,"[56, 112]",1244.2007901,1244.95719263,1247.65459016
472,"[50, 54]",872.80503709,873.30989909,875.93844243
473,"[70, 80]",1189.72049576,1191.24403655,1193.85316665
474,"[92, 120]",1595.28520972,1597.13117297,1599.78634205
475,"[78, 96]",1358.92056125,1360.55684901,1363.25490807
476,"[26, 34]",522.54753452,523.51677862,526.18399316
477,"[100, 142]",1780.33578203,1781.74867068,1784.60463979
478,"[92, 144]",1762.37830722,1763.54826925,1765.76177386
479,"[110, 154]",1881.49288892,1882.72437167,1885.45554137
480,"[80, 112]",1505.32757754,1505.96507199,1509.06375106
481,"[110, 162]",1941.26216416,1941.68583442,1944.54539618
482,"[18, 26]",371.81581578,372.63900007,375.07911553
483,"[86, 162]",1768.45000931,1770.09896433,1772.68780553
484,"[28, 26]",452.48249566,452.52306349,455.98338415
485,"[64, 128]",1403.57404637,1405.31986902,1407.18698599
486,"[102, 192]",2007.99376521,2009.79897595,2014.16276771
487,"[88, 174]",1818.28123389,1819.58590899,1821.87702605
488,"[98, 134]",1715.55368698,1717.13704083,1719.76111801
489,"[70, 176]",1488.83908538,1490.72338543,1493.16707768
490,"[100, 196]",1990.97979757,1992.66305732,1995.88605384
491,"[104, 180]",1996.02750684,1997.78147618,2000.10337952
492,"[30, 54]",680.5894318,681.28072152,683.61156482
493,"[84, 158]",1735.42980693,1737.3203763,1739.78369122
494,"[72, 136]",1532.76365067,1534.43538483,1536.57186358
495,"[70, 108]",1418.06666724,1418.64824927,1421.98952866
496,"[68, 78]",1164.58652642,1166.03477085,1168.64950321
497,"[56, 66]",1011.33497203,1012.46218585,1015.5861914
498,"[98, 136]",1731.52158895,1733.22475904,1735.6871092
499,"[86, 136]",1685.27256742,1686.26208923,1688.69334335
500,"[102, 136]",1732.48435407,1733.79393968,1736.89076143
501,"[26, 56]",600.13076175,601.51433564,603.58412583
502,"[10, 8]",134.13283577,134.22240671,135.21633288
503,"[50, 76]",1060.37756009,1060.65840053,1062.97247867
504,"[72, 134]",1529.73119001,1531.57500387,1533.66384928
505,"[68, 126]",1464.47318424,1465.91336885,1467.83291095
506,"[46, 102]",1040.70049133,1042.14959521,1044.82543028
507,"[68, 98]",1340.45167335,1341.59984716,1344.48176154
508,"[68, 84]",1227.54279345,1229.44168598,1231.99559549
509,"[62, 108]",1327.7973328,1329.33907893,1332.27810691
510,"[94, 140]",1750.43525644,1750.97304635,1753.48693204
511,"[54, 76]",1090.834478,1092.17282095,1094.682037
512,"[48, 120]",1073.16360266,1074.11072877,1076.18183774
513,"[102, 198]",2015.13099815,2016.84544277,2019.51073507
514,"[30, 44]",636.19740959,636.93582741,639.45004615
515,"[44, 62]",900.83869164,902.40955391,905.3474352
516,"[70, 104]",1395.02000306,1395.7777566,1398.86586395
517,"[54, 124]",1211.59259578,1213.16688594,1215.4481472
518,"[70, 106]",1406.9207057,1407.53377198,1410.68385089
519,"[46, 64]",934.53394598,935.38128322,937.97834768
520,"[54, 128]",1208.75757162,1210.19373714,1212.221254
521,"[96, 140]",1756.51718265,1757.7392636,1760.72903418
522,"[106, 160]",1918.1006611,1918.953105,1921.63537273
523,"[94, 148]",1794.80121431,1796.09187236,1798.44048931
524,"[48, 76]",1034.431869,1035.29407235,1037.22639489
525,"[66, 150]",1437.70749813,1439.20747234,1441.7222495
526,"[86, 182]",1803.89157249,1805.28115171,1806.85327412
527,"[68, 114]",1423.8108065,1424.7873535,1427.820058
528,"[110, 182]",2044.01668794,2045.48262206,2047.79939865
529,"[84, 120]",1585.17872401,1586.1906358,1588.55216101
530,"[68, 92]",1294.8469473,1296.06600565,1298.76488951
531,"[110, 158]",1912.20679374,1913.19811186,1916.07890547
532,"[72, 166]",1546.73037105,1547.49359468,1550.25898002
533,"[92, 158]",1820.83755167,1822.54055509,1825.03431918
534,"[100, 158]",1879.18669966,1880.69446244,1883.21904956
535,"[80, 170]",1694.73998624,1695.3523949,1698.04667406
536,"[26, 44]",577.88867905,578.61082263,581.20788345
537,"[48, 52]",844.43973846,845.44683082,847.92739918
538,"[92, 196]",1885.44007645,1887.09862393,1889.1489641
539,"[64, 76]",1135.00469711,1136.71397536,1139.5255959
540,"[36, 68]",814.06173846,815.56836393,818.43857285
541,"[72, 88]",1274.10564724,1276.0481589,1278.26208324
542,"[12, 12]",193.93228165,193.96694469,195.9837064
543,"[76, 170]",1622.41266914,1623.3497338,1626.01349463
544,"[78, 112]",1494.36557529,1495.6458817,1498.46640232
545,"[54, 82]",1137.01846951,1138.14113382,1140.24101736
546,"[72, 168]",1544.5724992,1545.62784704,1548.25749848
547,"[86, 188]",1801.66712271,1803.07373874,1804.61077551
548,"[102, 162]",1910.31772245,1911.13060071,1913.8703568
549,"[48, 114]",1078.8098596,1079.6258457,1082.22143746
550,"[16, 12]",207.96184782,208.40838771,211.45533258
551,"[34, 54]",742.37640489,743.28975063,745.67342011
552,"[82, 140]",1667.73189998,1668.38602806,1671.00444142
553,"[64, 116]",1376.80660138,1378.5999758,1381.8183228
554,"[30, 32]",534.52151017,534.99149906,538.0428002
555,"[88, 184]",1835.74368372,1836.76996917,1838.69099944
556,"[62, 114]",1344.05281856,1345.74331796,1348.87577378
557,"[48, 86]",1074.34440136,1075.47346397,1077.48216206
558,"[76, 178]",1619.32463029,1621.11468877,1623.4719603
559,"[80, 186]",1699.05538516,1700.22988578,1701.38356607
560,"[80, 94]",1340.45608368,1341.61386681,1343.9497791
561,"[88, 128]",1654.80280483,1656.41178259,1658.82358708
562,"[108, 188]",2048.60233318,2050.71929262,2053.0165411
563,"[88, 178]",1826.04819984,1827.7704475,1829.76162836
564,"[100, 136]",1732.51637998,1734.36135456,1736.8476635
565,"[46, 60]",905.55538121,906.52849619,908.44918191
566,"[106, 156]",1892.4689034,1893.44927487,1896.15421638
567,"[34, 58]",756.67607477,757.716627,760.47706623
568,"[80, 168]",1692.89168294,1693.51229188,1696.3415816
569,"[20, 34]",442.63088854,443.41625381,444.39714165
570,"[76, 112]",1483.96937326,1484.76376672,1487.91353504
571,"[72, 84]",1235.15413197,1236.98598039,1239.39851843
572,"[82, 174]",1733.10591848,1733.66873353,1735.98221972
573,"[94, 154]",1821.63031236,1823.0566852,1825.59699378
574,"[56, 96]",1211.05513234,1212.26407243,1215.09351544
575,"[104, 142]",1784.35192246,1785.03522006,1787.57897643
576,"[12, 24]",257.53664193,258.14103277,260.82992912
577,"[84, 124]",1617.78013,1619.02746183,1621.04504623
578,"[50, 48]",796.98736176,797.19335189,799.50386419
579,"[16, 28]",348.25364634,348.77538828,352.05913277
580,"[64, 104]",1338.88935996,1340.40387035,1343.30809466
581,"[72, 104]",1406.5630545,1408.11334014,1411.10266014
582,"[76, 110]",1470.25107756,1470.8843337,1474.2132134
583,"[78, 180]",1660.23719134,1661.75219964,1663.9501449
584,"[100, 192]",1987.33161008,1989.08255416,1993.30185693
585,"[14, 28]",308.95765151,308.95765016,312.89898496
586,"[66, 84]",1221.39704913,1223.29899504,1225.88070815
587,"[94, 180]",1904.26740988,1905.84343406,1908.1071976
588,"[16, 30]",353.72800697,354.25093443,357.66402588
589,"[12, 16]",228.90796101,228.96886382,232.45404885
590,"[50, 108]",1126.43649701,1127.19025405,1129.7352788
591,"[86, 142]",1709.61724583,1710.70302286,1713.24951283
592,"[82, 96]",1362.21207715,1362.83130347,1365.74511302
593,"[88, 172]",1814.42087153,1815.56322532,1817.58659459
594,"[82, 136]",1657.13580515,1657.90279148,1659.94684952
595,"[56, 126]",1255.59787112,1256.74658637,1258.91680662
596,"[48, 66]",967.89926845,968.49358552,971.10686232
597,"[56, 116]",1247.17205476,1248.5198719,1251.02981051
598,"[82, 178]",1738.06573807,1738.68772493,1740.66031444
599,"[16, 16]",267.5076118,267.50761171,271.38844238
600,"[108, 178]",2015.48515535,2016.80422364,2019.20898688
601,"[70, 94]",1320.0448323,1321.29668214,1324.12803495
602,"[62, 138]",1361.71500859,1363.43779519,1365.82794992
603,"[20, 38]",452.64611842,453.30320083,454.35505662
604,"[64, 80]",1178.19794062,1180.10310833,1182.63628371
605,"[50, 88]",1111.24615786,1111.78270261,1113.87407395
606,"[78, 138]",1615.62599663,1617.09232267,1619.45376621
607,"[80, 98]",1380.38449772,1381.66827408,1384.46341079
608,"[48, 72]",1009.3337672,1009.92736827,1012.39338528
609,"[50, 46]",763.79274837,763.93516636,766.30835741
610,"[100, 182]",1970.0535123,1971.85595848,1973.9667313
611,"[66, 130]",1435.74718716,1437.61943991,1439.92428941
612,"[32, 32]",540.63521838,541.73229638,544.994138
613,"[58, 90]",1209.72858223,1210.8626318,1213.16148953
614,"[110, 184]",2052.58113317,2054.16977246,2056.21221294
615,"[108, 154]",1881.97823957,1882.52719048,1885.32657056
616,"[78, 90]",1299.41313994,1300.96500036,1303.44497931
617,"[52, 64]",976.164618,977.16708801,980.07411997
618,"[98, 154]",1848.2562396,1849.36021143,1851.75878157
619,"[92, 136]",1718.59722404,1719.19802714,1721.79542211
620,"[76, 114]",1496.7098804,1497.28600981,1500.49117504
621,"[88, 120]",1592.95296603,1594.62990942,1597.24794406
622,"[42, 40]",668.59913149,670.00247003,671.812003
623,"[24, 52]",552.98118011,554.29365359,556.31850229
624,"[88, 198]",1822.34646767,1823.47617754,1825.36695135
625,"[50, 90]",1114.02340562,1115.21662207,1116.96743855
626,"[92, 180]",1881.45854111,1882.85372626,1885.15957253
627,"[46, 68]",960.95364698,961.73473767,964.66526532
628,"[36, 50]",746.60489421,747.74761477,750.41270824
629,"[58, 112]",1278.17095037,1279.77674717,1282.79764998
630,"[84, 112]",1515.97416661,1516.71451587,1519.43035671
631,"[92, 176]",1871.33954015,1873.07707863,1875.52771039
632,"[50, 60]",932.00819635,932.62715346,935.87683666
633,"[54, 88]",1160.35658938,1161.3319127,1164.72709262
634,"[106, 154]",1879.01891184,1879.97928191,1882.65052551
635,"[30, 38]",590.9207263,592.87507582,595.68987095
636,"[94, 174]",1887.79516157,1889.64501944,1892.07815781
637,"[74, 88]",1277.39647372,1279.20818129,1281.364923
638,"[88, 164]",1797.11412309,1798.54671893,1801.09989849
639,"[88, 160]",1787.19927812,1788.87772269,1791.35610469
640,"[100, 140]",1764.74418592,1766.21347225,1768.69902274
641,"[80, 140]",1643.92925946,1645.16371585,1647.58802371
642,"[14, 26]",303.01087952,303.64801601,307.42885155
643,"[44, 76]",975.50961535,977.02620754,979.11766193
644,"[52, 66]",994.45196585,995.70525603,998.53037365
645,"[76, 174]",1620.87318021,1622.36217246,1624.83961529
646,"[76, 156]",1619.19768122,1620.81415355,1623.37577004
647,"[78, 144]",1629.55549255,1631.20208464,1633.5536754
648,"[102, 146]",1814.52561123,1815.23088679,1818.05259061
649,"[52, 88]",1136.50949668,1137.38026444,1139.49941614
650,"[70, 186]",1471.26730913,1473.24109195,1475.11742659
651,"[88, 190]",1829.90920231,1831.52378135,1833.54942953
652,"[86, 148]",1731.19972255,1732.69451862,1735.10130365
653,"[62, 122]",1360.12115563,1361.8197601,1364.56899591
654,"[48, 68]",982.29505345,982.88277411,985.57214984
655,"[90, 126]",1649.4244808,1650.7341598,1652.88376086
656,"[26, 38]",547.65801847,548.94715448,551.57078626
657,"[78, 118]",1536.73218123,1537.93561647,1540.71956336
658,"[46, 56]",873.3646093,874.56492942,876.41542634
659,"[80, 146]",1659.16006111,1661.03006177,1663.41072343
660,"[92, 118]",1576.61709084,1578.41856994,1580.97091119
661,"[104, 140]",1767.14026806,1767.81622339,1770.36909409
662,"[84, 134]",1664.26097924,1664.92692816,1667.0322004
663,"[60, 100]",1277.80930414,1278.61249218,1281.37690043
664,"[102, 186]",1996.9200142,1998.83521626,2000.64368048
665,"[40, 66]",874.67586459,876.11780546,879.00178764
666,"[22, 50]",505.15780096,505.91618515,508.01537084
667,"[90, 150]",1774.46137852,1776.16210878,1778.56082228
668,"[56, 94]",1204.27578804,1205.60486925,1208.37864076
669,"[56, 58]",919.88785664,920.49268881,923.24318565
670,"[110, 190]",2068.24334134,2069.95724351,2072.31132481
671,"[46, 50]",816.55272914,817.27118393,819.39608886
672,"[10, 18]",205.64333384,206.43440034,208.75864941
673,"[62, 142]",1360.22585715,1361.85245587,1364.23760523
674,"[16, 20]",306.81580912,307.63920503,309.90062376
675,"[36, 36]",602.78348136,603.48234488,606.28305553
676,"[72, 146]",1546.15627093,1547.93663954,1550.36991603
677,"[96, 178]",1920.13758915,1921.89808655,1923.7735804
678,"[80, 174]",1697.8234795,1698.44476537,1701.07648169
679,"[76, 140]",1594.75669027,1596.27786689,1598.70292075
680,"[110, 170]",1985.63645472,1986.82397909,1989.92474187
681,"[78, 136]",1611.11532161,1612.66563484,1614.98273729
682,"[74, 108]",1444.88723756,1446.13660174,1449.38236617
683,"[72, 174]",1536.610973,1538.35687387,1540.90667681
684,"[68, 76]",1140.73416538,1141.99929596,1144.48011814
685,"[12, 18]",239.0154746,240.25878045,242.6825091
686,"[100, 180]",1963.48301245,1965.23770808,1967.51444871
687,"[96, 162]",1868.75903417,1870.29647457,1872.89374542
688,"[42, 46]",748.67753329,749.94516604,752.35401603
689,"[78, 120]",1549.70836376,1550.84134023,1553.68570223
690,"[72, 162]",1550.06721112,1550.76047791,1553.52464636
691,"[14, 30]",309.67642715,310.1459981,313.87354865
692,"[52, 122]",1167.76621684,1169.12570723,1171.64476256
693,"[44, 94]",999.69906777,1001.31854591,1003.59019663
694,"[104, 158]",1899.01370542,1899.59281423,1902.21218663
695,"[70, 164]",1507.85842385,1508.96176419,1511.74725481
696,"[16, 32]",356.49432074,357.70773804,360.43718054
697,"[70, 116]",1453.19349808,1453.94442167,1457.07423642
698,"[64, 132]",1402.02654263,1404.04853669,1406.446501
699,"[106, 168]",1958.29483636,1959.54168566,1962.40525822
700,"[84, 174]",1763.15506505,1764.07364836,1766.31185218
701,"[96, 182]",1931.04038772,1932.71859597,1934.82414774
702,"[34, 68]",775.94541292,776.86364947,779.73310296
703,"[32, 28]",485.06868466,485.833912,489.31435517
704,"[108, 160]",1924.27428261,1924.67598404,1927.56002876
705,"[102, 170]",1942.00473546,1943.75046238,1946.74303039
706,"[84, 176]",1766.0870729,1767.22189763,1769.19031157
707,"[94, 198]",1914.29204196,1915.99498632,1918.00799224
708,"[78, 152]",1644.63754906,1646.28516226,1648.83311679
709,"[68, 154]",1476.00906835,1477.00740455,1479.63419777
710,"[102, 184]",1994.31786452,1995.84340358,1997.81263218
711,"[76, 130]",1574.03692008,1575.77637062,1577.90833129
712,"[92, 164]",1839.80463799,1841.46262281,1843.9776535
713,"[46, 52]",836.10925117,837.39313142,839.36505013
714,"[70, 90]",1286.15090155,1287.76858992,1290.3306659
715,"[102, 166]",1926.3600322,1927.90011283,1930.69578485
716,"[100, 178]",1957.4792127,1958.91007732,1961.06222185
717,"[78, 126]",1586.93099088,1587.99028557,1589.71717775
718,"[80, 96]",1360.5381046,1361.47064943,1364.10229455
719,"[102, 156]",1879.18159907,1880.13236561,1883.08313922
720,"[94, 172]",1882.24670576,1883.96515317,1886.59760242
721,"[104, 176]",1980.86207778,1982.57787735,1985.03065138
722,"[70, 160]",1512.44640508,1513.26645879,1516.0187146
723,"[42, 78]",949.45772675,950.67383252,952.93604469
724,"[72, 122]",1500.01975447,1501.5966102,1504.34604528
725,"[36, 52]",757.36176687,758.80021914,761.50574009
726,"[66, 142]",1438.88114766,1440.56944434,1443.03134013
727,"[62, 86]",1216.12791371,1217.89013275,1220.34356944
728,"[60, 66]",1020.28487839,1021.04412907,1023.96699554
729,"[48, 126]",1067.32934985,1068.04120219,1070.6244244
730,"[90, 128]",1659.83792672,1661.59609313,1663.99721779
731,"[58, 62]",970.10198599,971.37314067,974.41346824
732,"[92, 174]",1866.41188273,1868.0730908,1870.51519094
733,"[18, 16]",276.34455881,277.07066292,279.95886378
734,"[86, 198]",1787.80639685,1788.72104162,1790.67826453
735,"[18, 24]",357.94063108,358.7285785,361.34746831
736,"[92, 168]",1850.58801849,1852.16401537,1854.87070224
737,"[80, 182]",1701.92495887,1703.25154417,1704.84387173
738,"[48, 98]",1083.33722912,1084.59543489,1087.08669849
739,"[28, 46]",620.97679653,621.06977449,624.075933
740,"[92, 146]",1772.18508671,1773.43148446,1775.70832794
741,"[66, 82]",1207.08447534,1208.50689109,1210.82454922
742,"[34, 82]",779.11161939,780.28197918,782.81243188
743,"[46, 100]",1041.56399912,1043.11294369,1045.78401328
744,"[50, 112]",1125.27642098,1126.30325337,1128.58478407
745,"[54, 90]",1166.1889388,1167.37101302,1169.94062571
746,"[76, 92]",1318.38677078,1319.95871698,1322.55930233
747,"[38, 56]",801.98709967,803.24649174,806.08679014
748,"[64, 102]",1330.13031828,1331.47568926,1334.36068222
749,"[82, 186]",1740.21620782,1740.60210131,1741.68974961
750,"[50, 74]",1046.35593559,1046.69805068,1049.07690387
751,"[54, 70]",1040.64727903,1042.20570451,1045.05299442
752,"[62, 90]",1243.54529043,1245.09355234,1247.78725614
753,"[74, 120]",1512.4277085,1513.99095393,1516.84777383
754,"[58, 128]",1292.94713722,1294.62780145,1296.67930939
755,"[52, 60]",937.48905162,938.10047516,940.89584483
756,"[56, 74]",1087.28817924,1088.03375715,1090.61013802
757,"[52, 92]",1145.10750959,1145.67813016,1148.27730939
758,"[48, 110]",1081.50788138,1082.60117136,1085.38877793
759,"[76, 150]",1613.09777222,1614.73936645,1617.06603113
760,"[94, 192]",1913.09531106,1915.00114173,1917.27039445
761,"[52, 104]",1164.09522763,1165.73887206,1168.48792233
762,"[78, 158]",1652.17708812,1654.18771278,1656.68689549
763,"[80, 162]",1686.10978147,1687.88435762,1690.50971277
764,"[92, 182]",1885.90709242,1887.28099417,1889.37554831
765,"[38, 58]",811.82462451,813.15177004,816.07712557
766,"[90, 142]",1739.618774,1740.57997246,1742.80130534
767,"[64, 148]",1397.63438139,1399.30276053,1401.81046738
768,"[70, 158]",1514.18972763,1515.37989904,1517.86938894
769,"[62, 106]",1322.3640772,1323.93324767,1326.70632349
770,"[50, 120]",1124.09513103,1124.60572276,1127.08274154
771,"[56, 106]",1236.21429396,1237.14558029,1240.13862267
772,"[38, 38]",634.28408822,635.1921479,638.66794725
773,"[66, 88]",1252.79083013,1254.81363417,1257.3462522
774,"[106, 166]",1949.18664007,1950.22016836,1953.05953498
775,"[44, 66]",926.33190411,927.75840574,930.43236468
776,"[106, 144]",1800.73082218,1801.59101281,1804.20255367
777,"[58, 80]",1150.1161223,1151.9010168,1153.94532272
778,"[106, 162]",1930.14865133,1930.62707586,1933.45403057
779,"[96, 142]",1769.88417789,1771.15017159,1774.24013533
780,"[108, 182]",2031.77471598,2033.27537223,2035.54779623
781,"[80, 114]",1521.26720455,1521.902198,1524.86943652
782,"[40, 56]",823.87222968,825.13970721,827.18743615
783,"[82, 112]",1512.74718957,1513.06159015,1516.15486668
784,"[54, 64]",983.60707468,985.02993828,988.12342601
785,"[90, 196]",1855.79926677,1857.2288381,1859.12128318
786,"[66, 120]",1416.73526388,1418.49090197,1421.13154264
787,"[48, 108]",1082.39180355,1083.70525042,1086.43700504
788,"[78, 186]",1656.40645296,1657.91343375,1659.28942021
789,"[46, 62]",920.37004699,921.29620925,923.78840726
790,"[94, 144]",1774.06149907,1774.61570363,1777.08371468
791,"[80, 142]",1648.63792025,1650.24161548,1652.56913417
792,"[100, 174]",1943.06458741,1944.80833099,1947.24126789
793,"[22, 26]",417.28179293,418.19265391,420.74097639
794,"[102, 176]",1966.30978771,1968.00387735,1970.45917073
795,"[18, 44]",401.43545855,402.55407702,405.19003062
796,"[56, 110]",1241.89555234,1242.56924376,1245.47514635
797,"[106, 174]",1984.94944465,1986.62227004,1989.03642416
798,"[72, 120]",1491.46441674,1493.12797345,1495.80081719
799,"[66, 136]",1436.33825636,1438.13697755,1440.46722107
800,"[26, 58]",599.38448284,600.89846319,602.71095739
801,"[76, 160]",1621.71399812,1623.27880201,1626.02183384
802,"[10, 12]",175.5828406,176.43220478,178.37782503
803,"[42, 52]",812.73321534,813.80832351,816.13267218
804,"[32, 34]",565.09120353,566.32957871,569.41952988
805,"[64, 134]",1400.93784813,1402.96014886,1405.45068483
806,"[48, 112]",1080.30048023,1081.09533621,1083.90457799
807,"[62, 104]",1315.78673096,1317.31821573,1320.19475023
808,"[74, 148]",1580.2264896,1581.8462006,1584.28049534
809,"[20, 44]",456.94964066,457.18551148,458.61316963
810,"[100, 156]",1869.16847123,1870.46659637,1872.94738342
811,"[44, 80]",991.93221493,993.23458285,995.03117365
812,"[60, 126]",1334.33873864,1335.46185965,1337.69334096
813,"[46, 104]",1039.49673395,1040.72729929,1043.47224921
814,"[84, 184]",1775.63740717,1776.32631094,1777.8589475
815,"[100, 186]",1978.48952163,1980.38631619,1982.03350351
816,"[106, 148]",1834.31981696,1835.24053428,1837.81453536
817,"[56, 84]",1162.1985777,1163.67368365,1165.87805368
818,"[106, 176]",1993.97219019,1995.71101507,1998.17605304
819,"[64, 78]",1156.6674883,1158.33532185,1161.15549681
820,"[60, 124]",1329.78315622,1331.59470891,1333.95508144
821,"[52, 124]",1168.32721625,1169.65854994,1171.7609079
822,"[24, 20]",351.95159336,352.43038137,354.41761354
823,"[48, 80]",1057.39172946,1058.59646372,1060.42392353
824,"[66, 72]",1093.81435494,1095.07789342,1098.14849391
825,"[90, 164]",1819.5144837,1820.93764845,1823.38401087
826,"[86, 158]",1759.41776166,1761.30831564,1763.76977585
827,"[108, 148]",1834.1709624,1834.82065665,1837.52636567
828,"[60, 90]",1228.33726771,1229.24504469,1232.21733523
829,"[46, 80]",1025.76815872,1027.10440031,1028.81854221
830,"[98, 132]",1699.37041353,1701.06836909,1704.4893622
831,"[86, 122]",1606.97099369,1608.35718848,1610.59931257
832,"[108, 184]",2039.85104419,2041.45165987,2043.50093827
833,"[40, 48]",762.67990303,763.3804506,765.34183267
834,"[72, 124]",1509.07261789,1510.31150117,1512.92005626
835,"[80, 134]",1629.58010749,1630.99509842,1633.02182286
836,"[26, 22]",385.57689311,386.16998595,388.51957033
837,"[62, 84]",1203.29708967,1205.11441828,1207.86551987
838,"[80, 118]",1551.40042963,1552.01479107,1554.96243458
839,"[28, 48]",630.5853161,630.75477285,633.60959512
840,"[28, 40]",588.07491061,589.53870636,590.86591337
841,"[86, 152]",1743.52324,1745.04486426,1747.48776198
842,"[68, 152]",1476.81205018,1477.95942862,1480.48745075
843,"[62, 102]",1308.3588094,1309.69174541,1312.67245946
844,"[14, 12]",203.55039909,203.51625983,207.97595632
845,"[66, 100]",1338.71153192,1339.66042063,1342.46718477
846,"[96, 126]",1653.04213135,1654.48664585,1656.73031399
847,"[78, 106]",1448.48583307,1450.13797006,1453.0017374
848,"[72, 132]",1526.60258704,1528.56039808,1530.61831531
849,"[52, 116]",1167.00533386,1168.27393597,1170.92042256
850,"[66, 122]",1421.92039045,1423.57923508,1426.19125019
851,"[38, 72]",859.96658059,860.90537128,863.93783003
852,"[46, 72]",984.69421369,985.55110042,987.56570686
853,"[102, 182]",1987.40792447,1989.17141381,1991.35568431
854,"[52, 120]",1167.42781162,1168.74087272,1171.34762881
855,"[82, 164]",1719.25806429,1719.92773437,1722.47334004
856,"[62, 72]",1089.36738316,1091.00569771,1094.00207594
857,"[76, 94]",1337.3611632,1338.75356376,1341.52432607
858,"[68, 86]",1244.43107433,1246.22324674,1248.66439175
859,"[58, 120]",1287.34882558,1288.82539919,1291.48653328
860,"[40, 60]",846.1453006,847.38123508,850.15123596
861,"[62, 112]",1339.3563374,1341.04767186,1344.10892186
862,"[58, 116]",1283.360015,1284.80080445,1287.6773886
863,"[48, 88]",1076.69167658,1078.11244551,1080.08864802
864,"[94, 168]",1870.40715739,1872.15227279,1874.95105045
865,"[48, 118]",1075.17434881,1075.92747419,1078.39158081
866,"[74, 90]",1296.94440587,1298.29361898,1300.37533126
867,"[96, 150]",1816.92705267,1818.18760115,1820.51977173
868,"[56, 90]",1190.62185705,1191.12765468,1193.98698248
869,"[92, 178]",1876.54361105,1878.32530579,1880.56991426
870,"[108, 196]",2069.22431096,2070.84849755,2074.18172655
871,"[72, 180]",1529.21832873,1531.18217293,1533.62895815
872,"[32, 52]",705.93273774,707.11558051,709.71670978
873,"[66, 140]",1437.99790931,1439.7771782,1443.55444681
874,"[60, 70]",1064.46896603,1065.29124734,1068.10810308
875,"[34, 74]",779.79427898,780.62143832,783.66577768
876,"[58, 118]",1285.27624292,1286.72213121,1289.5187671
877,"[80, 128]",1613.03534259,1614.07923941,1615.6004767
878,"[66, 70]",1069.73664612,1070.74958679,1074.08710001
879,"[96, 128]",1666.33426658,1668.2266212,1670.88723792
880,"[52, 72]",1045.16789931,1045.88912685,1048.62138967
881,"[104, 148]",1832.91051785,1833.48247791,1836.10031277
882,"[94, 170]",1876.37250584,1878.08261807,1880.82360844
883,"[44, 68]",937.69258703,939.17654563,941.79703911
884,"[74, 124]",1532.72587223,1533.88637118,1536.48876272
885,"[72, 144]",1543.86320409,1545.46781977,1547.97279627
886,"[58, 92]",1219.87086229,1220.93503162,1223.58285327
887,"[38, 68]",850.63000967,851.55803243,854.36973364
888,"[44, 74]",966.39039601,967.82609713,970.01978992
889,"[46, 88]",1040.4208556,1041.92970356,1043.85855732
890,"[110, 160]",1926.9354127,1927.88500441,1930.70842582
891,"[56, 64]",989.73694657,991.01888792,994.05322529
892,"[90, 192]",1857.76422947,1859.51689629,1861.72216219
893,"[70, 82]",1215.0416982,1216.51711286,1218.73525308
894,"[26, 54]",600.256227,601.58148802,603.47967028
895,"[58, 66]",1016.47879675,1017.86044262,1020.87115877
896,"[24, 56]",551.09763938,552.55622776,554.49690864
897,"[96, 156]",1844.56651057,1846.00434698,1848.57438674
898,"[58, 84]",1177.70275663,1179.34017754,1181.57555882
899,"[92, 140]",1741.56633649,1742.09402287,1744.62835701
900,"[74, 174]",1579.67959479,1581.35808413,1583.83992935
901,"[92, 170]",1855.99813978,1857.54201287,1860.24820817
902,"[42, 62]",880.38087536,881.49592686,884.19658632
903,"[66, 76]",1138.83198933,1140.38683555,1143.23322904
904,"[20, 36]",448.0691448,448.66105588,449.95223223
905,"[102, 148]",1828.93779711,1829.78956333,1832.99510399
906,"[72, 130]",1523.55506778,1525.56098812,1527.66675477
907,"[104, 160]",1910.38441352,1910.82739843,1913.4186967
908,"[104, 164]",1929.99788036,1931.24374478,1933.89999471
909,"[98, 176]",1932.90753542,1934.65345481,1936.95182806
910,"[78, 130]",1597.12190155,1598.57706246,1600.62474371
911,"[50, 122]",1123.72852532,1124.29125082,1126.53278454
912,"[86, 190]",1799.05639913,1800.53054664,1802.40417086
913,"[52, 112]",1167.04636232,1168.63181622,1171.32865685
914,"[84, 126]",1633.37074207,1634.06379077,1635.72244704
915,"[60, 92]",1240.7325942,1241.24185547,1244.153978
916,"[106, 150]",1850.29013919,1851.34871233,1853.77867002
917,"[64, 70]",1069.36930524,1070.83334239,1074.1566175
918,"[82, 146]",1682.59698421,1684.40102598,1686.79070512
919,"[104, 154]",1874.76684322,1875.27729931,1877.85105771
920,"[40, 58]",835.0876604,836.42696787,839.14595519
921,"[52, 80]",1105.03969,1106.13682313,1108.20664201
922,"[60, 102]",1284.84332382,1285.43995094,1288.2385155
923,"[98, 188]",1959.69390657,1961.50484957,1963.54802182
924,"[58, 86]",1188.68381529,1190.16754249,1192.57695115
925,"[108, 194]",2064.41345046,2065.84680722,2068.15564521
926,"[84, 116]",1551.34703343,1551.9578829,1554.52144119
927,"[40, 42]",692.9268036,693.30301423,695.67802774
928,"[32, 50]",697.79163476,698.90023828,701.78103583
929,"[70, 134]",1500.32970431,1502.19921733,1504.37001573
930,"[42, 74]",935.17177474,936.48589127,938.94180644
931,"[76, 152]",1615.37275904,1616.97878082,1619.38741491
932,"[34, 36]",596.8523283,597.33481278,600.57098728
933,"[70, 182]",1479.59220419,1481.74239737,1483.9413938
934,"[42, 86]",961.9448513,963.11494261,965.0957136
935,"[58, 74]",1096.33118108,1097.98143177,1100.8418159
936,"[54, 122]",1210.43993455,1212.04231839,1214.44816334
937,"[86, 146]",1724.3335519,1725.8175614,1728.25717087
938,"[54, 92]",1171.9919442,1173.14160393,1175.89581975
939,"[88, 130]",1666.55448485,1667.27361916,1670.34364354
940,"[46, 82]",1035.27444813,1036.07428282,1037.86992464
941,"[66, 144]",1439.40289723,1441.17788032,1443.53937298
942,"[40, 80]",918.01747378,918.69607361,920.88894774
943,"[80, 158]",1681.7927727,1683.77172952,1686.25004087
944,"[84, 132]",1656.74276901,1657.56137223,1659.46344502
945,"[66, 98]",1326.28894349,1327.14935959,1330.02019503
946,"[62, 140]",1361.11420395,1362.79449015,1365.14560473
947,"[82, 144]",1677.4995276,1678.42411992,1681.02951154
948,"[98, 156]",1857.83857079,1859.15649716,1861.61340728
949,"[98, 146]",1803.50167754,1804.00694812,1806.51351118
950,"[70, 100]",1367.71744067,1368.59658815,1371.54398712
951,"[42, 72]",928.16580848,929.12548915,931.49494446
952,"[64, 68]",1044.73679727,1046.29213595,1049.47522383
953,"[44, 78]",983.9747441,985.46628025,987.46861867
954,"[110, 188]",2062.58412958,2064.68024077,2066.94129088
955,"[66, 132]",1435.79308886,1437.86749981,1440.13720114
956,"[80, 184]",1702.8241901,1703.60261859,1705.41044221
957,"[56, 92]",1197.9760433,1198.56652713,1201.40446076
958,"[74, 112]",1470.3481443,1471.46738678,1474.64311894
959,"[70, 84]",1232.11334382,1234.00816985,1236.48001204
960,"[84, 186]",1772.86831962,1773.94760521,1775.0724731
961,"[96, 180]",1925.54036197,1927.19440746,1929.35796289
962,"[98, 178]",1939.53028079,1941.12954394,1942.9962027
963,"[86, 164]",1772.64009028,1774.10886017,1776.57537108
964,"[38, 44]",705.77401061,707.00597659,709.66077293
965,"[88, 124]",1628.40929303,1630.00280954,1632.0768818
966,"[38, 54]",791.22417609,792.41401395,795.17668014
967,"[54, 110]",1205.49348011,1206.89231404,1209.66139465
968,"[78, 134]",1606.52702903,1608.19275127,1610.42902013
969,"[32, 80]",727.26991514,729.0303719,731.62796693
970,"[24, 24]",410.15623052,410.3426935,412.77152739
971,"[74, 122]",1522.57567922,1524.04093433,1526.84509674
972,"[102, 158]",1889.82599638,1891.15091078,1893.76401541
973,"[28, 36]",558.52167587,559.3271642,562.50079739
974,"[68, 144]",1476.27264899,1477.97857172,1480.39745656
975,"[94, 158]",1837.66556819,1839.44403318,1841.96711551
976,"[78, 160]",1653.80299013,1655.47700093,1658.11479564
977,"[10, 20]",209.78941438,210.01424043,211.88038967
978,"[48, 100]",1084.18237076,1085.6246266,1088.11523478
979,"[54, 116]",1208.31821489,1209.70772064,1212.41088807
980,"[74, 126]",1542.41755857,1543.79830903,1545.64148008
981,"[66, 138]",1437.10661419,1438.92123141,1441.31523363
982,"[38, 84]",876.24176132,877.48979513,878.94790007
983,"[50, 68]",1001.25652494,1001.91202807,1004.49188671
984,"[80, 136]",1634.47092242,1636.01791918,1638.14682582
985,"[68, 130]",1466.67187923,1468.63186899,1470.90603789
986,"[90, 172]",1838.80131278,1840.37956093,1842.84613655
987,"[22, 30]",449.95897551,450.89361494,452.9804646
988,"[102, 134]",1714.86536992,1716.57115161,1719.31762196
989,"[18, 30]",392.49283516,393.0616872,396.03410136
990,"[68, 150]",1477.29943338,1478.59553475,1481.04139621
991,"[86, 144]",1717.09996165,1718.4114115,1720.89191455
992,"[50, 106]",1126.4816326,1127.21226324,1129.83144548
993,"[56, 108]",1239.19950383,1239.89159425,1242.87678425
994,"[104, 186]",2013.97271591,2015.93148575,2017.83545332
995,"[92, 194]",1885.79932781,1887.56754861,1889.59057088
996,"[52, 96]",1152.51433859,1153.59166218,1156.40801701
997,"[56, 122]",1251.06857405,1252.74869849,1255.31915537
998,"[62, 100]",1299.91500284,1301.36161377,1304.174798
999,"[70, 86]",1250.52868836,1252.21873025,1254.56171148
1000,"[50, 96]",1119.34837976,1120.04557826,1122.65431685
1001,"[44, 86]",1001.4849831,1002.99826278,1004.96916566
1002,"[16, 10]",171.00457191,170.68904812,173.97767596
1003,"[52, 100]",1159.23491851,1160.94157421,1163.58666169
1004,"[98, 172]",1919.27568315,1921.22333103,1923.58600681
1005,"[66, 154]",1434.39356723,1435.94740443,1438.54235915
1006,"[40, 36]",605.95601023,606.8365795,609.55340718
1007,"[84, 162]",1742.74088492,1744.56990914,1747.08831845
1008,"[50, 52]",851.42354113,851.69240378,854.17786104
1009,"[74, 136]",1560.682916,1562.37971713,1564.54483477
1010,"[42, 42]",696.53220185,697.76144691,700.17331044
1011,"[72, 108]",1432.25029093,1433.38806684,1436.67811148
1012,"[78, 150]",1641.57172592,1643.39227993,1645.84358154
1013,"[78, 110]",1479.16676357,1480.51988919,1483.65971601
1014,"[42, 56]",841.55041713,843.34748457,845.68652993
1015,"[88, 194]",1825.90667894,1827.33043437,1829.37138706
1016,"[88, 144]",1734.23568048,1735.31281888,1737.74642251
1017,"[82, 166]",1722.10009754,1722.77094186,1725.34957833
1018,"[64, 90]",1257.15441594,1258.79335719,1261.44549675
1019,"[42, 38]",636.70179998,638.26958623,640.51462429
1020,"[38, 82]",878.62212584,879.54407964,881.98617855
1021,"[88, 146]",1742.41430525,1743.53119637,1746.01199155
1022,"[106, 152]",1865.03199298,1866.10062988,1868.7068841
1023,"[96, 146]",1795.10581018,1795.92204228,1798.52630041
1024,"[80, 172]",1696.31037039,1696.91593525,1699.65299885
1025,"[96, 184]",1936.38563932,1937.60366078,1939.59857235
1026,"[52, 90]",1141.01578912,1141.62918161,1144.04140312
1027,"[98, 192]",1964.75068017,1966.54628789,1971.26244455
1028,"[34, 32]",545.373907,545.88301808,549.17004392
1029,"[40, 74]",902.27625921,902.70866303,905.22079191
1030,"[52, 86]",1131.15256612,1131.62883961,1133.65490597
1031,"[92, 148]",1781.46103564,1782.89603659,1785.31590502
1032,"[74, 118]",1502.132761,1503.67461932,1506.37691946
1033,"[104, 184]",2010.7558409,2012.31378955,2014.3357705
1034,"[72, 152]",1550.70313555,1551.89647833,1554.62858296
1035,"[78, 148]",1638.04837313,1639.75193267,1642.18894002
1036,"[60, 88]",1215.40059674,1217.31148419,1219.79317225
1037,"[28, 56]",646.58584875,647.42012837,649.3168605
1038,"[76, 98]",1375.11072394,1376.28939956,1379.15363704
1039,"[84, 144]",1697.9316691,1699.29557048,1701.76046027
1040,"[24, 46]",546.85396312,547.82209144,550.06123894
1041,"[96, 158]",1853.10078595,1854.84683434,1857.2729414
1042,"[42, 66]",902.48401649,903.49513053,905.97100716
1043,"[34, 66]",773.61093563,774.48946443,777.32315715
1044,"[104, 156]",1887.16883887,1887.74932803,1890.28642467
1045,"[82, 120]",1579.53271745,1580.0263537,1582.34550334
1046,"[50, 82]",1100.01370984,1100.01370984,1102.01418673
1047,"[100, 144]",1795.18678956,1796.57797661,1799.11110796
1048,"[80, 104]",1437.00129144,1438.44473953,1441.38683821
1049,"[76, 118]",1520.56819217,1521.75651372,1524.48330679
1050,"[70, 88]",1268.70086375,1270.66915789,1273.04431471
1051,"[76, 184]",1617.08746813,1618.37116051,1620.50685718
1052,"[94, 146]",1785.31288286,1785.79340725,1788.12788081
1053,"[72, 82]",1216.84904109,1218.29041833,1220.4644586
1054,"[30, 42]",622.02933191,622.89947361,625.45170198
1055,"[52, 102]",1162.0523662,1163.55198219,1166.23956542
1056,"[78, 154]",1647.39699964,1649.06926488,1651.6358675
1057,"[68, 122]",1449.81150105,1451.43588917,1454.03736906
1058,"[82, 152]",1697.77142433,1699.45597974,1701.90924983
1059,"[36, 34]",575.36183542,576.34278938,579.47688911
1060,"[28, 38]",573.96232358,574.66616652,577.39327306
1061,"[84, 172]",1760.07319526,1760.70237174,1763.13223087
1062,"[98, 128]",1665.56257357,1667.53140651,1670.19758638
1063,"[70, 144]",1511.10576822,1512.85315233,1515.2496542
1064,"[76, 116]",1508.89557096,1509.72684492,1512.62001694
1065,"[90, 170]",1834.0030417,1835.47280226,1837.99994335
1066,"[52, 84]",1125.30038774,1126.00951231,1127.69163523
1067,"[104, 172]",1964.21266707,1965.70849284,1968.14138176
1068,"[56, 82]",1153.13923454,1154.45481503,1156.84606398
1069,"[50, 86]",1107.85669432,1108.15348279,1110.23461442
1070,"[42, 82]",962.44467138,963.27037524,965.49740702
1071,"[64, 74]",1113.7886654,1115.52720834,1118.62692906
1072,"[104, 150]",1848.0193012,1848.54435187,1851.0443061
1073,"[44, 64]",913.99281591,915.43538739,918.18309936
1074,"[54, 104]",1199.8397341,1201.39889397,1204.05912469
1075,"[64, 108]",1353.5535606,1355.07777152,1358.08591759
1076,"[56, 102]",1228.45075117,1229.57194614,1232.41173923
1077,"[44, 82]",999.90323573,1000.76326095,1002.52573014
1078,"[102, 194]",2010.35208512,2012.02358279,2016.22275968
1079,"[110, 168]",1975.15933297,1976.15844287,1979.33908942
1080,"[50, 102]",1125.43789417,1126.34547497,1128.87981935
1081,"[34, 48]",710.16230391,711.02799199,713.04388926
1082,"[24, 40]",527.43440029,529.22786534,531.02832206
1083,"[54, 114]",1207.68597724,1209.47656193,1212.16578723
1084,"[98, 142]",1776.53365578,1777.27846379,1779.64917152
1085,"[14, 18]",268.48480185,269.07597893,272.35990462
1086,"[68, 138]",1471.83895326,1473.56923198,1476.01550366
1087,"[76, 148]",1610.41192183,1611.82620579,1614.15620136
1088,"[106, 146]",1817.75770119,1818.635511,1821.24092119
1089,"[68, 132]",1467.72797106,1469.75020653,1472.04392851
1090,"[14, 22]",289.62970388,289.84586867,293.6533664
1091,"[62, 110]",1333.6760152,1335.26807338,1338.35082569
1092,"[90, 152]",1781.856561,1783.36742899,1785.88280179
1093,"[34, 42]",658.42729259,659.20517436,662.14486329
1094,"[38, 80]",875.35646571,876.61944198,878.52901849
1095,"[18, 18]",304.1464355,304.42496248,307.25320305
1096,"[58, 126]",1296.05776468,1297.36139931,1299.51686374
1097,"[50, 92]",1115.95131321,1116.80643306,1119.25536737
1098,"[108, 150]",1851.09039622,1851.92582743,1854.52655861
1099,"[68, 74]",1116.75899007,1117.56919664,1120.74450483
1100,"[86, 114]",1536.65827959,1537.79501574,1540.17654152
1101,"[90, 180]",1856.22668273,1857.7445199,1859.93804203
1102,"[32, 48]",686.24789919,687.4955349,690.09605015
1103,"[74, 96]",1351.69765391,1353.09464822,1355.87294337
1104,"[68, 120]",1444.19335251,1445.54186572,1448.00827968
1105,"[106, 182]",2018.25528221,2019.82680773,2022.10502754
1106,"[70, 166]",1505.18383967,1506.41759594,1509.20029251
1107,"[24, 34]",498.31578645,499.89319441,501.96242486
1108,"[90, 160]",1808.58291958,1810.03844617,1812.60961523
1109,"[42, 58]",855.05976681,856.70377682,859.19368046
1110,"[46, 66]",948.07404892,948.7727802,951.68787659
1111,"[38, 52]",779.47794999,780.60826644,783.26117125
1112,"[26, 36]",535.78180335,536.82109377,539.34858755
1113,"[90, 144]",1749.17850543,1750.33841521,1752.61925163
1114,"[66, 92]",1284.43763188,1285.6628111,1288.31444366
1115,"[80, 176]",1699.01912219,1699.7177823,1702.23732349
1116,"[42, 60]",868.1405159,869.46714301,872.01168428
1117,"[80, 138]",1639.19444639,1640.53056234,1642.97433679
1118,"[18, 36]",404.55482892,405.6815651,408.23902065
1119,"[60, 82]",1180.46672263,1181.86727001,1184.37740577
1120,"[68, 90]",1278.35640466,1279.89086096,1282.43033963
1121,"[44, 102]",993.87809793,995.74246572,998.45494917
1122,"[68, 108]",1398.91952847,1399.75728279,1402.83328464
1123,"[100, 132]",1699.40647169,1701.0677806,1704.20761627
1124,"[96, 160]",1861.06486159,1862.67914219,1865.24027958
1125,"[94, 176]",1893.50617415,1895.31444894,1897.62804202
1126,"[104, 170]",1955.27731802,1956.84765255,1959.82818242
1127,"[22, 48]",503.99898891,505.13440002,507.48976572
1128,"[86, 178]",1798.31160916,1799.85314663,1801.68056043
1129,"[46, 70]",973.13471744,973.89250479,976.34948611
1130,"[62, 76]",1129.76100663,1131.34792601,1134.29791363
1131,"[44, 90]",1001.56162086,1003.38224141,1005.34449325
1132,"[90, 138]",1718.79411093,1719.66879346,1721.84036596
1133,"[82, 182]",1742.00307752,1742.51815755,1744.30370475
1134,"[104, 174]",1972.51380249,1974.14620428,1976.59482125
1135,"[54, 96]",1182.76052183,1184.14162788,1186.95701616
1136,"[94, 126]",1653.31569343,1654.73569722,1656.97505846
1137,"[48, 44]",730.80843928,731.67066493,733.7050577
1138,"[76, 124]",1554.72895483,1555.7338519,1558.2107757
1139,"[86, 118]",1572.51719847,1573.68432645,1575.90994329
1140,"[74, 182]",1572.84467757,1574.87828346,1576.98003419
1141,"[44, 100]",995.81423292,997.74994354,1000.47209662
1142,"[30, 30]",512.0297785,512.0297785,515.00746949
1143,"[38, 40]",660.03436042,661.86181771,663.89265368
1144,"[48, 46]",763.35785381,764.03721655,765.89824483
1145,"[70, 162]",1510.24755669,1511.24256414,1513.9259945
1146,"[38, 64]",838.01334405,838.68800069,841.45335391
1147,"[36, 44]",691.81693794,693.28530341,696.14122895
1148,"[96, 190]",1937.81428106,1939.69334963,1942.00077743
1149,"[82, 108]",1477.49471152,1477.93817242,1480.9837653
1150,"[88, 162]",1792.30916422,1793.93551808,1796.53059141
1151,"[34, 30]",515.42357569,515.97454614,519.02403324
1152,"[84, 166]",1749.955245,1750.89963794,1753.45695834
1153,"[42, 54]",827.62387747,829.04119078,831.51968096
1154,"[68, 116]",1430.06787869,1431.10012721,1434.23237796
1155,"[80, 124]",1593.32183726,1594.46829347,1596.34282661
1156,"[46, 94]",1042.1003556,1043.14219603,1045.21428558
1157,"[72, 86]",1254.83642099,1256.51356625,1258.67164307
1158,"[38, 48]",747.54047301,748.83104002,751.15701289
1159,"[40, 78]",913.10713717,913.639633,915.97039936
1160,"[74, 184]",1572.03409954,1573.43196093,1575.68324031
1161,"[70, 146]",1512.63374319,1514.43598222,1516.88539406
1162,"[50, 78]",1073.97838063,1074.2580748,1076.33765744
1163,"[98, 168]",1904.97488354,1906.6738315,1909.58776637
1164,"[44, 92]",1000.77804488,1002.42425813,1004.69659591
1165,"[42, 70]",920.57718232,921.33911216,923.91474124
1166,"[70, 170]",1498.97289767,1500.43327722,1503.19670388
1167,"[92, 160]",1827.64132206,1829.26505819,1831.83306284
1168,"[70, 118]",1461.19425924,1462.38274512,1464.90983399
1169,"[46, 76]",1006.3867909,1007.65361651,1009.35454654
1170,"[92, 142]",1751.7627146,1752.69083501,1754.9993556
1171,"[22, 36]",479.45876703,480.77427191,482.86295502
1172,"[110, 166]",1964.18458446,1965.13899953,1968.1519026
1173,"[26, 40]",558.93286749,560.93363922,562.33451723
1174,"[70, 112]",1438.67312592,1438.67323575,1442.02410649
1175,"[78, 166]",1657.52526296,1658.8453806,1661.61028058
1176,"[94, 184]",1913.98496592,1915.06022012,1917.11193997
1177,"[84, 108]",1479.81724987,1480.69408843,1483.73674687
1178,"[14, 34]",308.39872702,308.52985073,311.68745362
1179,"[110, 164]",1952.95645953,1953.71241867,1956.76328988
1180,"[28, 58]",646.99169863,647.86424172,649.79264697
1181,"[58, 60]",945.31299348,946.27337428,949.05989784
1182,"[86, 134]",1676.66972527,1677.67151998,1680.03153695
1183,"[64, 140]",1400.68956388,1402.43324607,1404.80727179
1184,"[108, 172]",1986.65435224,1988.18966655,1991.07961679
1185,"[48, 78]",1046.19834068,1047.21932207,1048.99896513
1186,"[32, 74]",732.12684759,733.67018637,736.66035153
1187,"[104, 144]",1801.04025194,1801.73063338,1804.2869362
1188,"[70, 98]",1352.51215125,1353.17488234,1356.32536585
1189,"[74, 134]",1557.01131624,1558.76655017,1560.9259096
1190,"[28, 34]",542.11487121,543.04998056,546.03538452
1191,"[82, 124]",1610.81891559,1611.36559951,1613.40251032
1192,"[108, 190]",2053.91589866,2055.50330982,2057.80130682
1193,"[56, 88]",1182.7886061,1182.78861139,1185.57527567
1194,"[106, 170]",1967.12660055,1968.5865003,1971.47595592
1195,"[84, 114]",1533.8173356,1534.4409725,1537.07858777
1196,"[64, 72]",1092.39839046,1094.00958623,1097.07747699
1197,"[34, 50]",723.35735581,724.55466459,727.19223694
1198,"[38, 32]",542.37057661,543.96602811,546.95794025
1199,"[22, 24]",396.72990542,397.71607364,399.83144091
1200,"[60, 122]",1325.88630899,1327.61237365,1330.36273855
1201,"[90, 168]",1829.22101996,1830.66071019,1833.11071014
1202,"[90, 124]",1631.66116196,1633.34712806,1635.61906546
1203,"[58, 68]",1038.07642942,1039.67700915,1042.57584313
1204,"[34, 72]",778.8629621,779.65775331,782.7481149
1205,"[98, 162]",1883.97821102,1885.1408265,1887.73612841
1206,"[48, 90]",1078.45549191,1080.21944686,1082.12289354
1207,"[90, 122]",1613.2228471,1614.92755461,1617.64186785
1208,"[46, 90]",1041.35760826,1042.84475407,1044.7812049
1209,"[78, 156]",1649.96567326,1651.69999799,1654.22547632
1210,"[96, 152]",1826.59669187,1827.89192476,1830.37141277
1211,"[38, 34]",575.09957508,576.76786226,579.59773334
1212,"[78, 168]",1658.41498099,1659.66426859,1662.39754638
1213,"[38, 78]",871.8090231,873.03479672,875.54051503
1214,"[54, 108]",1203.96581592,1205.2880377,1208.02221893
1215,"[66, 118]",1410.7630848,1412.27624435,1415.09862377
1216,"[26, 20]",353.01724001,353.48376372,355.75874777
1217,"[40, 68]",882.41162628,883.9022536,886.80400965
1218,"[36, 40]",650.08982475,652.27601894,654.60420014
1219,"[34, 44]",676.39713777,677.47869075,679.91512933
1220,"[76, 108]",1455.94588369,1456.86895203,1460.19465889
1221,"[34, 56]",750.38630278,751.09137124,753.60783994
1222,"[50, 64]",968.01627651,968.68390088,971.73583813
1223,"[62, 94]",1268.87008566,1270.28293807,1273.15957569
1224,"[36, 70]",817.24628753,818.60450751,821.39381996
1225,"[102, 188]",1999.35694867,2001.32642755,2003.56087401
1226,"[72, 164]",1548.54773403,1549.28504299,1552.01524082
1227,"[100, 166]",1912.91896457,1914.53734796,1917.34942998
1228,"[102, 190]",2004.78909739,2006.5938867,2011.64882403
1229,"[60, 132]",1327.68089271,1329.58682279,1331.69792402
1230,"[78, 170]",1658.97773371,1660.25009838,1662.96591141
1231,"[88, 156]",1775.96990931,1777.56944907,1780.05359044
1232,"[76, 180]",1618.23553116,1619.90714593,1622.21332872
1233,"[78, 94]",1339.47210807,1340.86429794,1343.53512241
1234,"[64, 124]",1397.59926343,1399.60588261,1401.8613419
1235,"[10, 10]",156.7515792,157.51693817,159.03192404
1236,"[86, 120]",1589.89821177,1591.21534931,1593.45747438
1237,"[62, 92]",1256.88644657,1258.40665319,1261.25287023
1238,"[58, 102]",1257.61717845,1258.78727006,1261.57133657
1239,"[72, 176]",1534.32459482,1536.18559156,1538.66585889
1240,"[18, 20]",327.02109096,327.70595601,329.69407903
1241,"[62, 126]",1370.39814879,1371.51685092,1373.65496667
1242,"[20, 42]",456.88690792,457.36760815,458.47440329
1243,"[102, 178]",1974.08049765,1975.3987842,1977.70091474
1244,"[98, 170]",1911.86445495,1913.61948722,1916.56435239
1245,"[100, 184]",1976.51441274,1978.01486565,1979.93705587
1246,"[86, 154]",1749.08957948,1750.6258482,1753.09922396
1247,"[56, 80]",1136.78068377,1138.46448936,1140.5981633
1248,"[72, 102]",1392.92703292,1394.00147662,1396.82927452
1249,"[104, 162]",1921.39254093,1921.65080858,1924.08299002
1250,"[46, 58]",889.98596732,891.00366965,892.94803197
1251,"[76, 164]",1622.84810735,1623.7938726,1626.86275589
1252,"[64, 112]",1367.00002329,1368.53964023,1371.74088717
1253,"[76, 134]",1582.51079858,1584.26444595,1586.45784938
1254,"[94, 194]",1913.21141205,1915.08612286,1917.19811564
1255,"[12, 8]",136.52084595,136.75434158,138.23558007
1256,"[92, 162]",1834.08906563,1835.91729196,1838.39967362
1257,"[34, 70]",777.469105,778.25877215,781.2396652
1258,"[78, 92]",1319.75112535,1321.293161,1323.83584661
1259,"[80, 108]",1472.15454418,1472.79249915,1475.73728753
1260,"[54, 112]",1206.76052248,1208.28941762,1211.02720829
1261,"[46, 92]",1041.87460245,1043.15661082,1045.08945212
1262,"[60, 120]",1322.66215979,1324.1822221,1326.88716915
1263,"[46, 84]",1037.21153332,1038.24302723,1040.06179215
1264,"[92, 124]",1633.49434628,1635.28282689,1637.59787875
1265,"[94, 186]",1913.92516199,1915.45818127,1917.08221683
1266,"[54, 62]",962.85933676,964.22667304,967.27682899
1267,"[48, 58]",903.14765009,903.9859973,906.48376349
1268,"[46, 78]",1016.39802731,1017.84634176,1019.44969969
1269,"[80, 122]",1579.62300996,1580.32872479,1582.96232386
1270,"[86, 174]",1791.64324389,1792.83740826,1794.87023783
1271,"[96, 136]",1728.75981528,1730.13300516,1732.68114213
1272,"[108, 168]",1967.89536727,1968.45916722,1971.43281851
1273,"[48, 74]",1022.11584272,1022.84782192,1024.99677077
1274,"[70, 96]",1336.57217342,1337.4802621,1340.54690173
1275,"[66, 116]",1404.20910545,1405.74890779,1408.97844249
1276,"[70, 156]",1514.81839125,1515.83718462,1518.37033038
1277,"[14, 14]",233.15506359,233.15506352,237.7033134
1278,"[30, 70]",685.77558199,686.66227161,689.76203022
1279,"[106, 196]",2051.57869095,2053.33515774,2056.73749939
1280,"[40, 82]",922.63294981,923.23234969,925.72835947
1281,"[52, 70]",1028.92295181,1029.73369891,1032.52111683
1282,"[94, 128]",1665.67261444,1667.53205221,1670.05355371
1283,"[60, 112]",1309.8810162,1311.6195029,1314.74563066
1284,"[58, 76]",1114.74950864,1116.25378643,1119.02809467
1285,"[96, 198]",1942.67469519,1944.42026241,1947.57499
1286,"[56, 98]",1217.42537996,1218.62675318,1221.51371858
1287,"[72, 112]",1455.2216814,1455.86525044,1459.11505305
1288,"[86, 106]",1460.77908036,1462.81298291,1465.44916124
1289,"[22, 20]",349.02419298,349.43561059,350.94870727
1290,"[76, 126]",1565.40147403,1566.65661297,1568.45358403
1291,"[54, 86]",1152.54231029,1153.61261115,1157.24639521
1292,"[60, 72]",1084.85877331,1085.67553705,1088.62588208
1293,"[52, 108]",1166.2613925,1167.69500086,1170.45051636
1294,"[92, 152]",1798.34666196,1799.80709858,1802.26286818
1295,"[10, 14]",189.26900267,189.96016403,193.18027416
1296,"[48, 62]",937.11261363,937.82426855,940.38382455
1297,"[32, 64]",730.20928616,731.76599279,734.67965415
1298,"[96, 168]",1888.44147523,1890.10583191,1892.9056858
1299,"[90, 132]",1684.10038648,1685.71685527,1687.85674076
1300,"[34, 62]",766.6076682,767.3063931,770.23703603
1301,"[74, 178]",1576.45460795,1578.41994248,1580.80974064
1302,"[70, 124]",1483.7407523,1485.17231539,1487.59933202
1303,"[68, 82]",1211.82660808,1213.29030004,1215.50605392
1304,"[26, 30]",490.18296224,490.67790147,493.30766098
1305,"[50, 100]",1124.03164719,1124.94366433,1127.53757456
1306,"[88, 176]",1822.17740176,1823.74759412,1825.98873353
1307,"[96, 138]",1743.22527157,1744.56965334,1746.9494689
1308,"[74, 142]",1571.30271453,1572.79449758,1575.26405146
1309,"[76, 172]",1621.54157508,1622.76783738,1625.244894
1310,"[110, 196]",2085.31143251,2087.00049471,2089.09107399
1311,"[100, 176]",1950.30204857,1952.06995342,1954.43714624
1312,"[76, 166]",1623.04625687,1623.71821678,1626.54976682
1313,"[68, 96]",1325.8883018,1326.985074,1329.85578937
1314,"[62, 88]",1229.7309508,1231.71506738,1234.22620552
1315,"[24, 44]",541.69844403,542.5341403,544.92755014
1316,"[76, 146]",1607.19365361,1608.7359684,1610.86526545
1317,"[74, 170]",1583.07394427,1584.7135349,1587.39392394
1318,"[64, 110]",1360.44689755,1362.0327517,1365.12543991
1319,"[60, 138]",1320.86851326,1322.74158908,1325.06431019
1320,"[62, 82]",1191.50894147,1192.8636912,1195.30415829
1321,"[74, 140]",1567.84268731,1569.20328569,1571.65598272
1322,"[44, 70]",947.82929192,949.0700107,951.67134435
1323,"[38, 62]",830.33405172,831.23227232,833.91030702
1324,"[86, 170]",1784.17856747,1785.49441663,1787.68488463
1325,"[70, 150]",1514.39180676,1515.93016024,1518.52895687
1326,"[94, 152]",1813.22650385,1814.66206525,1817.15467415
1327,"[84, 128]",1641.06659632,1642.11532645,1643.38196644
1328,"[80, 144]",1654.05318196,1655.72426413,1658.09723659
1329,"[108, 156]",1896.4479264,1897.02194236,1899.87884294
1330,"[40, 52]",798.25462561,799.05103868,801.08887311
1331,"[54, 78]",1106.48543623,1107.9618512,1110.3174556
1332,"[100, 152]",1847.65555935,1848.78844118,1851.43002809
1333,"[110, 176]",2015.94126668,2017.63941226,2020.2073348
1334,"[108, 158]",1910.56633382,1911.1219323,1913.90577048
1335,"[54, 56]",895.73412171,896.91697692,900.66682711
1336,"[80, 160]",1684.08782456,1685.82315948,1688.40109525
1337,"[26, 52]",599.13976571,600.22373803,602.58224145
1338,"[54, 72]",1057.95374441,1059.30245566,1062.13455808
1339,"[64, 122]",1392.04214381,1393.78701062,1396.45859914
1340,"[66, 90]",1268.90707593,1270.35055655,1272.9082884
1341,"[78, 104]",1432.06426884,1433.67147904,1436.59749503
1342,"[98, 166]",1898.0556872,1899.72717027,1902.59660065
1343,"[92, 154]",1806.04035578,1807.50432687,1810.05373518
1344,"[76, 158]",1620.70345575,1622.66135742,1625.2185491
1345,"[106, 180]",2010.30357994,2012.05444229,2014.44556233
1346,"[70, 184]",1477.50603848,1478.97265655,1481.48311733
1347,"[82, 150]",1693.19241836,1695.10253705,1697.49841416
1348,"[40, 38]",637.65881259,638.41129359,640.9803085
1349,"[30, 34]",555.14179829,556.30212715,559.01769045
1350,"[86, 126]",1639.96873499,1640.96183743,1642.59297422
1351,"[92, 186]",1889.13207581,1890.7914464,1892.16885854
1352,"[32, 68]",732.21421649,733.83863747,736.70995354
1353,"[64, 146]",1399.19404511,1400.9121221,1403.40599969
1354,"[76, 136]",1586.70019848,1588.38882098,1590.58070266
1355,"[64, 84]",1213.43269327,1215.47841584,1218.11528258
1356,"[42, 64]",891.85017575,892.89178297,895.4250879
1357,"[26, 48]",592.3414346,593.16592581,595.14685675
1358,"[102, 140]",1767.00025831,1768.04583168,1771.18693508
1359,"[94, 132]",1695.64230822,1697.19059015,1699.7700459
1360,"[22, 38]",486.81509534,488.00190643,489.85388827
1361,"[80, 152]",1672.06120843,1673.74601714,1676.31138549
1362,"[40, 70]",889.52759414,890.61237275,893.28757039
1363,"[88, 154]",1769.94784904,1771.46772572,1773.92763195
1364,"[88, 140]",1717.38294742,1718.00356146,1720.466081
1365,"[58, 70]",1058.25973258,1059.63186165,1062.5731907
1366,"[98, 186]",1958.53911729,1960.29106233,1961.92558683
1367,"[28, 44]",610.82298814,610.9527231,614.19491305
1368,"[98, 164]",1891.10444695,1892.75530617,1895.53410243
1369,"[12, 14]",212.99280104,213.38408873,217.70918692
1370,"[42, 88]",961.27294123,962.60534938,964.55344067
1371,"[66, 86]",1236.82816546,1238.77170712,1241.26136921
1372,"[74, 104]",1416.74327924,1418.40471078,1421.2891088
1373,"[74, 158]",1587.42850736,1589.26030488,1591.74935086
1374,"[84, 104]",1441.03662387,1442.74650264,1445.5682509
1375,"[66, 124]",1428.11663313,1429.95618138,1432.18601631
1376,"[50, 72]",1031.86975831,1032.32263921,1034.70795515
1377,"[72, 94]",1327.71251971,1329.12597706,1331.93185232
1378,"[48, 116]",1077.06988221,1077.87361779,1080.42736827
1379,"[88, 126]",1645.33773623,1646.51043882,1648.51180049
1380,"[88, 138]",1708.89795424,1709.65889939,1712.07830056
1381,"[76, 120]",1531.98853677,1533.3280833,1536.16302593
1382,"[84, 180]",1771.25939879,1772.55400135,1774.45550304
1383,"[50, 118]",1124.33544899,1124.80284472,1127.57293761
1384,"[50, 62]",950.34661667,950.97751073,954.1793762
1385,"[42, 48]",773.26653865,774.35751269,776.59480211
1386,"[32, 58]",722.15256218,723.70775213,726.52324579
1387,"[58, 72]",1077.50123186,1079.23190751,1082.12646174
1388,"[46, 74]",995.78416094,996.86063405,998.62794124
1389,"[74, 92]",1315.78791821,1316.57337498,1319.10776492
1390,"[106, 184]",2025.91753093,2027.50553377,2029.53259165
1391,"[62, 74]",1109.62249941,1111.40235147,1114.4099456
1392,"[38, 46]",727.10330963,728.28549977,730.91387863
1393,"[64, 118]",1382.05416804,1383.74642331,1386.54239668
1394,"[100, 138]",1748.63291098,1750.02487125,1752.52832603
1395,"[32, 78]",729.52113605,731.18619772,733.95747927
1396,"[88, 166]",1801.67668188,1802.87745794,1805.47046445
1397,"[88, 192]",1827.64463615,1829.37680481,1831.51649903
1398,"[30, 28]",484.97308571,485.40225814,489.03518824
1399,"[86, 194]",1793.27650602,1795.0279305,1796.97809272
1400,"[88, 180]",1829.46363788,1830.99215177,1833.02468127
1401,"[40, 86]",920.20934627,920.84690413,922.92114303
1402,"[62, 98]",1290.33987092,1291.67678446,1294.56783305
1403,"[28, 60]",646.30419434,647.10226435,649.34704843
1404,"[40, 34]",573.18051224,574.89521635,577.52083263
1405,"[106, 198]",2056.27554357,2057.84598485,2060.08719752
1406,"[56, 70]",1051.34185364,1052.09179637,1055.27429784
1407,"[52, 74]",1060.82433507,1061.59165634,1064.13829661
1408,"[96, 188]",1937.49191225,1939.2037409,1941.22881572
1409,"[40, 62]",856.45147039,857.69270921,860.68544743
1410,"[78, 172]",1659.63094619,1660.8968489,1663.47821649
1411,"[46, 42]",698.74687599,700.04896068,701.80308536
1412,"[14, 16]",252.41185084,252.70307765,256.66181735
1413,"[92, 184]",1889.8713651,1891.01520971,1893.1864701
1414,"[26, 28]",469.50979364,469.97220505,473.27411222
1415,"[24, 50]",552.80193981,553.40972311,555.94126071
1416,"[86, 160]",1764.05853127,1765.8193823,1768.29181717
1417,"[72, 90]",1292.45306202,1294.06548349,1296.53601816
1418,"[34, 76]",780.18089704,781.10313364,784.02305834
1419,"[66, 128]",1435.59442443,1437.26138829,1439.11391111
1420,"[86, 108]",1480.36010745,1481.81691178,1484.52855704
1421,"[92, 172]",1861.33269267,1862.93318657,1865.54901623
1422,"[22, 32]",461.72960549,463.11983473,465.04772773
1423,"[90, 166]",1824.45089572,1825.88463222,1828.30151201
1424,"[84, 178]",1768.76399155,1770.03313708,1772.01438288
1425,"[58, 94]",1228.97088587,1230.06548984,1232.80556858
1426,"[76, 186]",1612.30592188,1614.01850493,1615.55522121
1427,"[102, 144]",1799.36150315,1800.18218647,1802.95485033
1428,"[102, 154]",1867.785794,1868.57208903,1871.68925389
1429,"[40, 50]",784.19915777,784.87849259,787.16961278
1430,"[90, 158]",1802.33747437,1804.09075316,1806.55868368
1431,"[64, 92]",1271.48568893,1273.10153048,1275.95990346
1432,"[94, 124]",1633.90652534,1635.6630961,1638.06033837
1433,"[14, 32]",309.84466925,310.29319174,313.4954202
1434,"[98, 174]",1926.1308399,1927.85831826,1930.22684446
1435,"[72, 116]",1473.13014824,1474.47256689,1477.72216865
1436,"[88, 186]",1833.95768691,1835.4019841,1836.74746125
1437,"[96, 130]",1682.8116191,1684.5798689,1688.66198469
1438,"[76, 176]",1620.29946399,1621.89114028,1624.23183668
1439,"[42, 92]",958.51796874,960.11896367,961.90395708
1440,"[88, 136]",1699.54015773,1700.17321474,1702.67595453
1441,"[84, 146]",1704.28846176,1706.04778117,1708.42027571
1442,"[90, 184]",1863.6346094,1864.65343341,1866.90433796
1443,"[82, 98]",1382.65596563,1383.34261437,1386.23151193
1444,"[44, 98]",997.29480842,999.04672729,1001.68225634
1445,"[90, 118]",1576.66813557,1578.54374681,1580.93025665
1446,"[70, 136]",1502.49115375,1504.18213325,1506.44694554
1447,"[36, 64]",804.81548045,806.06853445,808.89137861
1448,"[66, 112]",1392.91132465,1394.04003523,1397.27619231
1449,"[52, 118]",1167.19047832,1168.38860408,1170.82293149
1450,"[42, 90]",960.17352408,961.80795074,963.56954381
1451,"[102, 142]",1783.48647602,1784.51760989,1787.30023076
1452,"[100, 146]",1809.44855945,1810.55374483,1813.17508555
1453,"[44, 46]",756.05834969,757.49956001,759.35061205
1454,"[30, 48]",659.8720785,660.80749459,663.17496093
1455,"[102, 174]",1958.56359058,1960.19679711,1962.67555293
1456,"[100, 162]",1897.76831073,1898.80305738,1901.53126027
1457,"[36, 78]",826.88788662,828.54380626,831.14675271
1458,"[88, 110]",1499.70471891,1500.96876643,1503.7282583
1459,"[76, 142]",1598.96885105,1600.5674284,1602.86009063
1460,"[86, 172]",1787.92521259,1789.09867881,1791.3148794
1461,"[70, 132]",1498.10247993,1500.11214658,1502.19558687
1462,"[70, 122]",1475.74299666,1477.38242933,1480.04626618
1463,"[52, 82]",1119.30799273,1120.09296636,1121.7916478
1464,"[82, 172]",1730.33001947,1730.84952874,1733.44498167
1465,"[52, 76]",1075.9129976,1076.93743196,1079.16469063
1466,"[68, 88]",1261.53445931,1263.57974044,1266.05643538
1467,"[92, 198]",1885.28576037,1886.87373889,1888.86476045
1468,"[10, 22]",209.87037237,210.70036867,213.21740083
1469,"[14, 10]",171.22694835,171.40566541,175.05060031
1470,"[40, 54]",811.5432549,812.48402825,814.65910665
1471,"[92, 132]",1689.63833037,1691.3751749,1693.59987056
1472,"[58, 110]",1274.50859037,1276.0697417,1279.05450023
1473,"[98, 158]",1866.94066096,1868.57916757,1871.1003338
1474,"[32, 62]",728.16418609,729.69722739,732.62894068
1475,"[30, 46]",649.0028153,649.80569608,652.2166192
1476,"[80, 148]",1663.92084734,1665.6842794,1668.15621521
1477,"[60, 68]",1042.96772845,1044.0195357,1046.66414044
1478,"[52, 62]",957.18625069,957.97343232,960.94785555
1479,"[110, 180]",2034.92826446,2036.60458096,2039.06429144
1480,"[78, 164]",1656.38908036,1657.92217841,1660.68601897
1481,"[60, 64]",996.36988048,997.13704929,1000.039479
1482,"[94, 164]",1858.35175736,1860.00284774,1862.71669966
1483,"[44, 84]",1000.79567155,1001.89595069,1003.65062838
1484,"[22, 46]",502.69328314,503.96216202,506.20051269
1485,"[72, 128]",1520.73603091,1522.49324834,1524.40654993
1486,"[44, 88]",1001.77928965,1003.34614051,1005.44801709
1487,"[92, 192]",1886.21217744,1888.03202262,1890.33700408
1488,"[84, 118]",1568.4118507,1569.17902702,1571.67108181
1489,"[10, 24]",209.83603783,210.43124747,212.52460257
1490,"[32, 40]",624.2558791,626.29012136,628.89644017
1491,"[74, 152]",1584.01606602,1585.53742759,1588.08937851
1492,"[88, 148]",1750.06972306,1751.32870343,1753.81253266
1493,"[54, 60]",941.34072958,942.53495883,945.48636305
1494,"[60, 80]",1161.52002266,1163.40763331,1165.42957074
1495,"[66, 134]",1435.78188225,1437.79653919,1440.03920865
1496,"[46, 86]",1039.02151735,1040.51597794,1042.32151115
1497,"[64, 88]",1242.30170351,1244.35256836,1246.78210479
1498,"[66, 102]",1349.96799561,1350.75383928,1353.61862387
1499,"[52, 68]",1012.03209624,1013.33459895,1016.17966897
1500,"[82, 168]",1724.57382331,1725.24486397,1727.86610247
1501,"[14, 24]",296.79004759,297.88788722,300.77713522
1502,"[58, 122]",1289.54372702,1291.15637474,1293.94583397
1503,"[12, 26]",259.18361774,259.66053603,262.682778
1504,"[70, 154]",1514.94788827,1516.10539665,1518.79215771
1505,"[74, 94]",1334.00859043,1334.9428005,1337.82263838
1506,"[72, 184]",1525.51562616,1526.97215948,1529.34636181
1507,"[82, 180]",1740.18440221,1740.79562444,1742.59097987
1508,"[66, 74]",1116.36351998,1117.74877083,1120.7710935
1509,"[82, 160]",1712.62805671,1714.40106778,1716.9144658
1510,"[64, 106]",1346.42591238,1347.9056131,1350.82019596
1511,"[80, 164]",1688.65060111,1689.66557238,1692.48588389
1512,"[72, 148]",1548.0554517,1549.65844896,1552.25964285
1513,"[68, 94]",1310.69170613,1311.82888892,1314.62272784
1514,"[74, 138]",1564.28177581,1565.85555498,1568.0487122
1515,"[60, 74]",1103.9303518,1105.52591116,1108.50683903
1516,"[82, 170]",1727.38827272,1727.87466364,1730.70521691
1517,"[72, 158]",1552.15511031,1553.16873799,1555.92793335
1518,"[104, 146]",1817.21482456,1817.82317479,1820.43513576
1519,"[88, 114]",1538.24820788,1539.70696219,1542.17301561
1520,"[56, 120]",1249.52028298,1251.06190098,1253.67951932
1521,"[48, 104]",1083.91639563,1085.34943362,1087.91264061
1522,"[48, 106]",1083.17876815,1084.58726797,1087.23330713
1523,"[96, 194]",1939.13530937,1941.04515329,1943.1732905
1524,"[66, 106]",1369.04017407,1370.27913574,1373.07752893
1525,"[68, 110]",1408.2880965,1409.1144753,1412.14277515
1526,"[108, 166]",1958.0307289,1958.54933292,1961.60481298
1527,"[86, 186]",1804.11483135,1805.44861078,1806.6802858
1528,"[96, 164]",1875.46831937,1877.1515468,1879.85780178
1529,"[60, 130]",1329.79135527,1331.69373089,1333.91854371
1530,"[16, 18]",288.11769782,289.2709904,291.96007487
1531,"[90, 188]",1860.92650843,1862.51622418,1864.41312141
1532,"[78, 114]",1509.1078659,1510.38472774,1513.17680134
1533,"[100, 164]",1905.4901377,1907.05067155,1909.83166431
1534,"[94, 156]",1829.82127548,1831.3142247,1833.82194275
1535,"[82, 110]",1495.28035109,1495.6059797,1498.72476283
1536,"[34, 64]",770.4596998,771.21149091,774.11037756
1537,"[110, 174]",2006.2602008,2007.37879234,2010.19304398
1538,"[60, 116]",1317.13509358,1318.45932656,1321.74744357
1539,"[50, 114]",1124.46833797,1125.5263994,1128.23307342
1540,"[104, 168]",1946.93884025,1948.38407223,1951.3336288
1541,"[104, 198]",2036.84842963,2038.12174998,2040.68683506
1542,"[76, 154]",1617.36636448,1618.96467778,1621.49145209
1543,"[90, 178]",1852.06664846,1853.87066554,1855.99689325
1544,"[64, 98]",1309.22560812,1310.65463164,1313.56268402
1545,"[108, 186]",2044.30238128,2046.33219706,2048.27124636
1546,"[24, 22]",381.60224752,382.21321583,384.73905919
1547,"[44, 44]",728.13311787,729.55994364,731.32304353
1548,"[62, 146]",1356.94890504,1358.66932387,1361.0774999
1549,"[106, 188]",2033.42163805,2035.51662438,2037.8499818
1550,"[82, 130]",1639.02300335,1639.41810119,1641.25499196
1551,"[68, 136]",1470.30617447,1472.07073432,1474.41934518
1552,"[66, 94]",1299.16685581,1300.31485812,1302.91801006
1553,"[30, 36]",573.65528784,575.11934678,578.27070836
1554,"[84, 154]",1726.4636387,1728.05301714,1730.53116421
1555,"[70, 142]",1509.21686263,1510.89942258,1513.26612136
1556,"[68, 156]",1474.87255429,1475.87389869,1478.46545606
1557,"[64, 100]",1320.26082256,1321.71202991,1324.52805738
1558,"[12, 10]",167.23401557,167.51548563,169.2898951
1559,"[56, 78]",1120.70557342,1122.28964055,1124.32197471
1560,"[48, 124]",1069.13202189,1070.43382657,1072.5399038
1561,"[22, 42]",496.63965046,497.7557057,500.1963811
1562,"[24, 28]",454.10058831,454.91748976,457.74024593
1563,"[66, 114]",1398.85728873,1400.34175687,1403.50097749
1564,"[34, 46]",694.05915011,695.13951362,697.41249295
1565,"[64, 94]",1284.87281706,1286.39114724,1289.24976252
1566,"[76, 182]",1617.30572993,1619.19511152,1621.18734751
1567,"[68, 106]",1389.12834202,1390.12025648,1393.08958763
1568,"[14, 20]",282.18347819,282.18347884,284.83306865
1569,"[70, 168]",1502.22810002,1503.6765282,1506.45871083
1570,"[60, 104]",1291.12307164,1292.0799105,1294.62283249
1571,"[72, 172]",1539.02740712,1540.72467317,1543.36045033
1572,"[36, 82]",830.48995324,831.36969481,833.85491745
1573,"[106, 186]",2029.74933758,2031.75239317,2033.67999736
1574,"[78, 88]",1278.46295799,1280.03758407,1282.46019846
1575,"[66, 152]",1436.2164097,1437.72405234,1440.27302809
1576,"[12, 22]",253.05758245,253.56405412,256.43720989
1577,"[54, 58]",919.00130123,920.25178905,922.98967501
1578,"[64, 86]",1227.20845269,1229.01265997,1231.57220806
1579,"[62, 70]",1067.56913526,1069.09308245,1072.1627808
1580,"[74, 162]",1587.16909216,1588.56080188,1591.33092597
1581,"[38, 50]",767.23618609,768.32495574,771.13563071
1582,"[98, 198]",1968.61558852,1970.33912652,1973.38133949
1583,"[42, 44]",723.09979496,724.2720715,726.88934879
1584,"[52, 114]",1166.94638791,1168.64217561,1171.3163119
1585,"[94, 162]",1852.07931907,1853.92974629,1856.40441547
1586,"[84, 164]",1746.52822512,1747.67958172,1750.18015772
1587,"[78, 122]",1562.42102171,1563.46877499,1566.25103796
1588,"[60, 62]",971.25376147,971.78183524,974.65054015
1589,"[74, 156]",1586.64447273,1588.14425711,1590.72716279
1590,"[50, 66]",984.98855716,985.67524994,988.47637676
1591,"[90, 136]",1707.49192805,1708.49489713,1710.69400442
1592,"[80, 102]",1418.66969301,1420.27490752,1423.17633577
1593,"[60, 118]",1319.84573071,1321.01800234,1324.11877361
1594,"[62, 96]",1279.98557126,1281.41967358,1284.4818233
1595,"[62, 124]",1364.86297955,1366.6925289,1369.05568181
1596,"[58, 124]",1292.48427579,1294.31636088,1296.57188162
1597,"[78, 100]",1397.08332444,1398.85524279,1401.58561289
1598,"[62, 136]",1362.6284207,1364.65789551,1366.9241006
1599,"[74, 166]",1585.72112619,1587.07204698,1589.9009404
1600,"[32, 54]",712.69680937,713.96903442,716.53200839
1601,"[36, 48]",729.57500127,731.14004532,733.21420859
1602,"[68, 140]",1473.45292313,1475.20275044,1478.59671483
1603,"[64, 114]",1372.26537485,1373.93313621,1377.12194121
1604,"[36, 46]",711.35369658,712.94759092,715.54797704
1605,"[52, 106]",1165.38176102,1166.82935612,1169.61410991
1606,"[30, 68]",686.90519829,687.82356665,690.93279949
1607,"[40, 44]",717.09855218,717.38363745,719.75255131
1608,"[12, 28]",259.4021756,259.63934214,262.29773483
1609,"[70, 78]",1165.32818256,1166.79061297,1169.54746386
1610,"[18, 38]",405.28507409,406.74275245,408.79475586
1611,"[76, 106]",1440.89197674,1442.40065135,1445.46103458
1612,"[78, 140]",1620.01881268,1621.43545453,1623.92327968
1613,"[96, 148]",1806.17509341,1807.42155496,1809.82716074
1614,"[74, 160]",1587.44870397,1588.86785612,1591.63601683
1615,"[58, 108]",1270.57720159,1272.1095288,1274.98742321
1616,"[28, 22]",387.39155663,387.41442345,390.34398236
1617,"[86, 166]",1776.62082135,1777.85714551,1780.39179819
1618,"[60, 110]",1305.05260312,1306.665102,1309.74844277
1619,"[72, 110]",1444.06507554,1445.12552869,1448.42017904
1620,"[26, 50]",597.6408055,598.1942443,600.58590941
1621,"[92, 126]",1652.11963139,1653.57858408,1655.70403832
1622,"[90, 140]",1729.47120754,1730.49299882,1732.61361149
1623,"[80, 120]",1565.68311678,1566.34382463,1569.30378487
1624,"[56, 124]",1253.01495518,1254.70742745,1257.12492247
1625,"[62, 80]",1170.63003511,1172.62119261,1175.01737409
1626,"[66, 146]",1439.40970376,1441.09082136,1443.50060228
1627,"[88, 142]",1725.65771082,1726.58271066,1729.0645872
1628,"[50, 126]",1122.57118477,1122.57118498,1125.09121112
1629,"[92, 128]",1663.5153007,1665.43066914,1667.77411957
1630,"[90, 148]",1766.58865311,1768.01725891,1770.36874183
1631,"[36, 30]",512.38439305,513.89917005,517.02216134
1632,"[74, 100]",1386.14868995,1387.74350521,1390.44495291
1633,"[88, 188]",1832.01199736,1833.54446329,1835.31340841
1634,"[30, 52]",676.22021563,676.70936251,679.17616894
1635,"[48, 122]",1071.02169878,1072.40720324,1074.47211975
1636,"[22, 34]",471.24031051,472.58903264,474.8386161
1637,"[54, 94]",1177.52033086,1178.82522335,1181.69117017
1638,"[68, 142]",1474.97692974,1476.68269979,1479.10177263
1639,"[54, 74]",1074.68245903,1075.97220793,1078.64880441
1640,"[80, 178]",1700.0031188,1701.01028102,1703.11813813
1641,"[90, 174]",1843.37400093,1844.78277939,1847.2849087
1642,"[102, 180]",1980.42861097,1982.16216825,1984.484292
1643,"[90, 194]",1856.77728814,1858.42375786,1860.29069318
1644,"[88, 134]",1689.36685278,1689.80887882,1692.29893848
1645,"[70, 128]",1493.96057182,1495.73659469,1497.64776593
1646,"[104, 166]",1938.508372,1939.84673732,1942.68876861
1647,"[82, 148]",1688.10730316,1689.8726641,1692.28635344
1648,"[28, 28]",482.64198028,482.64198024,485.92535641
1649,"[72, 182]",1526.94832361,1529.06445586,1531.2293776
1650,"[74, 102]",1401.89170946,1403.34589996,1406.21881962
1651,"[80, 156]",1678.88581182,1680.55923934,1683.11600926
1652,"[52, 128]",1163.85110618,1165.03685553,1166.65626753
1653,"[44, 96]",998.4110663,999.92241278,1002.5631339
1654,"[44, 58]",873.31268278,874.92905701,877.43726128
1655,"[50, 94]",1117.45577387,1118.17265368,1121.03414125
1656,"[20, 24]",382.51001209,382.38858578,384.42912347
1657,"[20, 40]",455.99202503,457.30711138,457.83291234
1658,"[78, 98]",1378.36803756,1380.0119062,1382.7794397
1659,"[100, 134]",1716.13554783,1717.80593357,1720.47218853
1660,"[106, 194]",2047.24591946,2049.0878186,2053.82923546
1661,"[104, 182]",2003.44704599,2005.13960474,2007.38629746
1662,"[84, 182]",1773.64374136,1774.81297395,1776.50328211
1663,"[60, 84]",1191.37864689,1193.14541446,1195.65125079
1664,"[94, 138]",1738.36032726,1738.46885226,1741.04551451
1665,"[72, 126]",1517.96118042,1519.41198541,1521.28816051
1666,"[72, 80]",1190.2366337,1191.85163869,1194.50842852
1667,"[44, 48]",782.20313786,783.48496206,785.52516069
1668,"[82, 184]",1743.46345547,1743.46345537,1745.63555785
1669,"[76, 100]",1392.79076567,1394.29649201,1397.05532878
1670,"[30, 62]",687.47311333,688.76952738,691.581922
1671,"[104, 178]",1989.26583151,1990.60854835,1992.93170638
1672,"[74, 164]",1586.58023973,1587.94602219,1590.8040008
1673,"[78, 128]",1592.1438231,1593.49972427,1595.18761668
1674,"[64, 144]",1400.17013277,1401.9765294,1404.43301172
1675,"[30, 56]",683.96309179,684.74312866,687.18565628
1676,"[60, 98]",1269.74736167,1270.36799437,1273.19007205
1677,"[98, 138]",1746.49985308,1748.18441145,1750.48172732
1678,"[90, 162]",1814.235678,1815.88446389,1818.3678577
1679,"[70, 140]",1507.06084232,1508.73490591,1511.04927086
1680,"[24, 54]",552.48307532,553.88255243,555.94388436
1681,"[70, 102]",1381.89226816,1382.50158903,1385.53705587
1682,"[72, 178]",1531.80866704,1533.82076725,1536.24841242
1683,"[40, 84]",921.52925937,922.20012067,924.15057017
1684,"[16, 24]",331.18463043,331.80176389,334.54439043
1685,"[66, 80]",1183.54227464,1185.46007286,1187.91740218
1686,"[62, 144]",1358.87432939,1360.68553747,1363.0991382
1687,"[96, 196]",1941.86972537,1943.56656874,1948.01777885
1688,"[66, 148]",1438.82076644,1440.40094302,1442.87467304
1689,"[72, 150]",1549.55195607,1551.00259435,1553.66133375
1690,"[16, 34]",357.54357615,358.81193103,361.4748374
1691,"[76, 144]",1603.31598506,1604.87954817,1607.08465645
1692,"[100, 168]",1920.26108104,1921.95472086,1924.83164141
1693,"[74, 110]",1457.94710822,1459.07064188,1462.39254943
1694,"[88, 182]",1832.74285093,1834.20175846,1835.74433961
1695,"[104, 194]",2029.35153591,2031.25175321,2035.69063343
1696,"[74, 128]",1546.00448949,1547.68003512,1549.53078384
1697,"[72, 156]",1552.08910471,1552.98949875,1555.79118107
1698,"[106, 158]",1905.43784275,1906.41615868,1909.18738804
1699,"[110, 156]",1897.01978387,1898.14976287,1900.95150691
1700,"[102, 196]",2012.6910256,2014.46625945,2018.14339748
1701,"[100, 194]",1989.02905101,1990.64739321,1994.78318276
1702,"[100, 170]",1927.6276827,1929.38903014,1932.3089115
1703,"[70, 120]",1468.96769922,1470.32040051,1472.83739364
1704,"[52, 98]",1155.83623265,1157.24176039,1159.98326292
1705,"[82, 176]",1735.69396268,1736.29338155,1738.46578536
1706,"[72, 154]",1551.54851135,1552.56115529,1555.34951886
1707,"[36, 32]",544.70174677,546.03139913,549.16967141
1708,"[18, 14]",245.1165469,245.16693493,248.68001054
1709,"[32, 56]",718.40104176,719.7669807,722.04166086
1710,"[60, 106]",1296.68038395,1297.49579208,1300.18024208
1711,"[52, 110]",1166.8208351,1168.30514467,1171.03062273
